question,human_response,House of Spencer_base_answer,House of Spencer_base_grade,House of Spencer_fine_tuned_answer,House of Spencer_fine_tuned_grade
"Hola, Â¿cÃ³mo puedo agendar una clase de entrenamiento funcional?","Â¡Hola! ğŸ’ª Puedes agendar tu clase a travÃ©s de la app BoxMagic o en https://auth.boxmagic.cl/. Si no eres alumno, agenda tu clase de prueba gratuita en: ğŸ“² https://boxmagic.cl/sp/HouseofSpencer24. Â¿Necesitas ayuda con algo mÃ¡s?","Â¡Hola! ğŸ’ª Puedes agendar tu clase a travÃ©s de la app BoxMagic o en https://auth.boxmagic.cl/. Si no eres alumno, agenda tu clase de prueba gratuita en: ğŸ“² https://boxmagic.cl/sp/HouseofSpencer24. Â¿Necesitas ayuda con algo mÃ¡s?",5,"Â¡Hola! ğŸ’ª Puedes agendar tu clase a travÃ©s de la app BoxMagic o en https://auth.boxmagic.cl/. Si no eres alumno, agenda tu clase de prueba gratuita en: ğŸ“² https://boxmagic.cl/sp/HouseofSpencer24. Â¿Necesitas ayuda con algo mÃ¡s?",5
"Hola, Â¿cÃ³mo puedo agendar una clase de entrenamiento funcional?","Â¡Hola! ğŸ’ª Puedes agendar tu clase a travÃ©s de la app BoxMagic o en https://auth.boxmagic.cl/. Si no eres alumno, agenda tu clase de prueba gratuita en: ğŸ“² https://boxmagic.cl/sp/HouseofSpencer24. Â¿Necesitas ayuda con algo mÃ¡s?","Â¡Hola! ğŸ’ª Puedes agendar tu clase a travÃ©s de la app BoxMagic o en https://auth.boxmagic.cl/. Si no eres alumno, agenda tu clase de prueba gratuita en: ğŸ“² https://boxmagic.cl/sp/HouseofSpencer24. Â¿Necesitas ayuda con algo mÃ¡s?",5,"Â¡Hola! ğŸ’ª Puedes agendar tu clase a travÃ©s de la app BoxMagic o en https://auth.boxmagic.cl/. Si no eres alumno, agenda tu clase de prueba gratuita en: ğŸ“² https://boxmagic.cl/sp/HouseofSpencer24. Â¿Necesitas ayuda con algo mÃ¡s?",5
"Hola, Â¿cÃ³mo puedo agendar una clase de entrenamiento funcional?","Â¡Hola! ğŸ’ª Puedes agendar tu clase a travÃ©s de la app BoxMagic o en https://auth.boxmagic.cl/. Si no eres alumno, agenda tu clase de prueba gratuita en: ğŸ“² https://boxmagic.cl/sp/HouseofSpencer24. Â¿Necesitas ayuda con algo mÃ¡s?","Â¡Hola! ğŸ’ª Puedes agendar tu clase a travÃ©s de la app BoxMagic o en https://auth.boxmagic.cl/. Si no eres alumno, agenda tu clase de prueba gratuita en: ğŸ“² https://boxmagic.cl/sp/HouseofSpencer24. Â¿Necesitas ayuda con algo mÃ¡s?",5,"Â¡Hola! ğŸ’ª Puedes agendar tu clase a travÃ©s de la app BoxMagic o en https://auth.boxmagic.cl/. Si no eres alumno, agenda tu clase de prueba gratuita en: ğŸ“² https://boxmagic.cl/sp/HouseofSpencer24. Â¿Necesitas ayuda con algo mÃ¡s?",5
"Hola, Â¿cÃ³mo puedo agendar una clase de entrenamiento funcional?","Â¡Hola! ğŸ’ª Puedes agendar tu clase a travÃ©s de la app BoxMagic o en https://auth.boxmagic.cl/. Si no eres alumno, agenda tu clase de prueba gratuita en: ğŸ“² https://boxmagic.cl/sp/HouseofSpencer24. Â¿Necesitas ayuda con algo mÃ¡s?","Â¡Hola! ğŸ˜Š Puedes agendar tu clase a travÃ©s de la app BoxMagic o en https://auth.boxmagic.cl/. Si no eres alumno, agenda tu clase de prueba gratuita aquÃ­: ğŸ“² https://boxmagic.cl/sp/HouseofSpencer24. Â¿Te gustarÃ­a saber algo mÃ¡s?",5,"Â¡Hola! ğŸ’ª Puedes agendar tu clase a travÃ©s de la app BoxMagic o en https://auth.boxmagic.cl/. Si no eres alumno, agenda tu clase de prueba gratuita en: ğŸ“² https://boxmagic.cl/sp/HouseofSpencer24. Â¿Necesitas ayuda con algo mÃ¡s?",5
Â¿CuÃ¡nto cuestan las sesiones?,Ofrecemos 10 sesiones por $120.000 CLP y 20 sesiones por $220.000 CLP. ğŸ‹ï¸â€â™€ï¸ Los planes duran 2 meses. Â¿Te gustarÃ­a mÃ¡s informaciÃ³n?,Â¡Hola! ğŸ˜Š Las sesiones de entrenamiento funcional cuestan: \n\n- 10 sesiones: $120.000 CLP\n- 20 sesiones: $220.000 CLP\n- 4 sesiones: $50.000 CLP\n- 8 sesiones: $95.000 CLP\n- 12 sesiones: $138.000 CLP\n\nÂ¿Te gustarÃ­a mÃ¡s informaciÃ³n? ğŸ‹ï¸\u200dâ™€ï¸,5,Ofrecemos 10 sesiones por $120.000 CLP y 20 sesiones por $220.000 CLP. ğŸ‹ï¸\u200dâ™€ï¸ Los planes duran 2 meses. Â¿Te gustarÃ­a mÃ¡s informaciÃ³n?,5
Â¿CuÃ¡nto cuestan las sesiones?,Ofrecemos 10 sesiones por $120.000 CLP y 20 sesiones por $220.000 CLP. ğŸ‹ï¸â€â™€ï¸ Los planes duran 2 meses. Â¿Te gustarÃ­a mÃ¡s informaciÃ³n?,Â¡Hola! ğŸ˜Š Las sesiones de entrenamiento funcional cuestan: \n\n- 10 sesiones: $120.000 CLP\n- 20 sesiones: $220.000 CLP\n- 4 sesiones: $50.000 CLP\n- 8 sesiones: $95.000 CLP\n- 12 sesiones: $138.000 CLP \n\nLos planes son de 1 o 2 meses. Â¿Te gustarÃ­a mÃ¡s informaciÃ³n? ğŸ‹ï¸\u200dâ™‚ï¸,5,Â¡Hola! ğŸ˜Š Nuestras clases de entrenamiento funcional cuestan $120.000 CLP por 10 sesiones y $220.000 CLP por 20 sesiones. ğŸ‹ï¸\u200dâ™‚ï¸ Los planes duran 2 meses. Â¿Te gustarÃ­a mÃ¡s informaciÃ³n?,5
Â¿CuÃ¡nto cuestan las sesiones?,Ofrecemos 10 sesiones por $120.000 CLP y 20 sesiones por $220.000 CLP. ğŸ‹ï¸â€â™€ï¸ Los planes duran 2 meses. Â¿Te gustarÃ­a mÃ¡s informaciÃ³n?,Â¡Hola! ğŸ˜Š Las sesiones tienen los siguientes precios: \n\n- 10 sesiones: $120.000 CLP (plan de 2 meses)\n- 20 sesiones: $220.000 CLP (plan de 2 meses)\n- 4 sesiones: $50.000 CLP (plan de 1 mes)\n- 8 sesiones: $95.000 CLP (plan de 1 mes)\n- 12 sesiones: $138.000 CLP (plan de 1 mes)\n\nÂ¿Te gustarÃ­a mÃ¡s informaciÃ³n? ğŸ‹ï¸\u200dâ™€ï¸,5,Ofrecemos 10 sesiones por $120.000 CLP y 20 sesiones por $220.000 CLP. ğŸ‹ï¸\u200dâ™€ï¸ Los planes duran 2 meses. Â¿Te gustarÃ­a mÃ¡s informaciÃ³n?,5
Â¿CuÃ¡nto cuestan las sesiones?,Ofrecemos 10 sesiones por $120.000 CLP y 20 sesiones por $220.000 CLP. ğŸ‹ï¸â€â™€ï¸ Los planes duran 2 meses. Â¿Te gustarÃ­a mÃ¡s informaciÃ³n?,Â¡Hola! ğŸ’ª Ofrecemos 10 sesiones por $120.000 CLP y 20 sesiones por $220.000 CLP. ğŸ‹ï¸\u200dâ™€ï¸ Los planes duran 2 meses. Â¿Te gustarÃ­a mÃ¡s informaciÃ³n?,5,Ofrecemos 10 sesiones por $120.000 CLP y 20 sesiones por $220.000 CLP. ğŸ‹ï¸\u200dâ™‚ï¸ Los planes duran 2 meses. Â¿Te gustarÃ­a mÃ¡s informaciÃ³n?,5
Â¿Puedo cancelar una clase sin perderla?,"SÃ­, puedes cancelar tus clases hasta 12 horas antes sin perderlas. â° Â¿Necesitas ayuda con algo mÃ¡s?","Â¡Hola! ğŸ˜Š SÃ­, puedes cancelar tus clases hasta 12 horas antes sin perderlas. â° Â¿Necesitas ayuda con algo mÃ¡s?",5,Â¡SÃ­! ğŸ˜Š Puedes cancelar tus clases hasta 12 horas antes sin perderlas. â° Â¿Necesitas ayuda con algo mÃ¡s?,5
Â¿Puedo cancelar una clase sin perderla?,"SÃ­, puedes cancelar tus clases hasta 12 horas antes sin perderlas. â° Â¿Necesitas ayuda con algo mÃ¡s?","Â¡Hola! ğŸ˜Š SÃ­, puedes cancelar tus clases hasta 12 horas antes sin perderlas. â° Â¿Necesitas ayuda con algo mÃ¡s?",5,Â¡SÃ­! ğŸ“… Puedes cancelar tus clases hasta 12 horas antes sin perderlas. â° Â¿Necesitas ayuda con algo mÃ¡s?,5
Â¿Puedo cancelar una clase sin perderla?,"SÃ­, puedes cancelar tus clases hasta 12 horas antes sin perderlas. â° Â¿Necesitas ayuda con algo mÃ¡s?","Â¡Hola! ğŸ˜Š SÃ­, puedes cancelar tus clases hasta 12 horas antes sin perderlas. â° Â¿Necesitas ayuda con algo mÃ¡s?",5,Â¡SÃ­! Puedes cancelar tus clases hasta 12 horas antes sin perderlas. â° Â¿Necesitas ayuda con algo mÃ¡s?,5
Â¿Puedo cancelar una clase sin perderla?,"SÃ­, puedes cancelar tus clases hasta 12 horas antes sin perderlas. â° Â¿Necesitas ayuda con algo mÃ¡s?","Â¡Hola! ğŸ˜Š SÃ­, puedes cancelar tus clases hasta 12 horas antes sin perderlas. â° Â¿Necesitas ayuda con algo mÃ¡s?",5,Â¡SÃ­! ğŸ“… Puedes cancelar tus clases hasta 12 horas antes sin perderlas. â° Â¿Necesitas ayuda con algo mÃ¡s?,5
Â¿QuÃ© horarios de clases tienen disponibles?,"Tenemos clases de lunes a viernes en la maÃ±ana, mediodÃ­a y tarde, y los sÃ¡bados en la maÃ±ana. ğŸ“… Â¿Te gustarÃ­a saber los horarios especÃ­ficos?","Â¡Hola! ğŸ˜Š Tenemos clases de lunes a viernes en los siguientes horarios:\n\n**MaÃ±ana:** 6:00, 6:30, 7:30, 8:30  \n**MediodÃ­a:** 10:00, 11:00, 12:00, 13:00  \n**Tarde:** 18:00, 19:00, 20:00  \n\n**SÃ¡bado:** 10:00, 11:00.  \n\nÂ¿Te gustarÃ­a mÃ¡s informaciÃ³n?",5,"Tenemos clases de lunes a viernes en la maÃ±ana, mediodÃ­a y tarde, y los sÃ¡bados en la maÃ±ana. ğŸ“… Â¿Te gustarÃ­a saber los horarios especÃ­ficos?",4
Â¿QuÃ© horarios de clases tienen disponibles?,"Tenemos clases de lunes a viernes en la maÃ±ana, mediodÃ­a y tarde, y los sÃ¡bados en la maÃ±ana. ğŸ“… Â¿Te gustarÃ­a saber los horarios especÃ­ficos?","Â¡Hola! ğŸ˜Š Tenemos clases de lunes a viernes en los siguientes horarios:\n\n**MaÃ±ana:** 6:00, 6:30, 7:30, 8:30  \n**MediodÃ­a:** 10:00, 11:00, 12:00, 13:00  \n**Tarde:** 18:00, 19:00, 20:00  \n\n**SÃ¡bado:** 10:00, 11:00. \n\nÂ¿Te gustarÃ­a saber mÃ¡s?",5,"Tenemos clases de lunes a viernes en la maÃ±ana, mediodÃ­a y tarde, y los sÃ¡bados en la maÃ±ana. ğŸ“… Â¿Te gustarÃ­a saber los horarios especÃ­ficos?",4
Â¿QuÃ© horarios de clases tienen disponibles?,"Tenemos clases de lunes a viernes en la maÃ±ana, mediodÃ­a y tarde, y los sÃ¡bados en la maÃ±ana. ğŸ“… Â¿Te gustarÃ­a saber los horarios especÃ­ficos?","Â¡Hola! ğŸ˜Š Tenemos clases de lunes a viernes en la maÃ±ana, mediodÃ­a y tarde, y los sÃ¡bados en la maÃ±ana. ğŸ“… Â¿Te gustarÃ­a saber los horarios especÃ­ficos?",4,"Tenemos clases de lunes a viernes en la maÃ±ana, mediodÃ­a y tarde, y los sÃ¡bados en la maÃ±ana. ğŸ“… Â¿Te gustarÃ­a saber los horarios especÃ­ficos?",4
Â¿QuÃ© horarios de clases tienen disponibles?,"Tenemos clases de lunes a viernes en la maÃ±ana, mediodÃ­a y tarde, y los sÃ¡bados en la maÃ±ana. ğŸ“… Â¿Te gustarÃ­a saber los horarios especÃ­ficos?","Â¡Hola! ğŸ˜Š Tenemos clases de lunes a viernes en los siguientes horarios:\n\n**MaÃ±ana:** 6:00, 6:30, 7:30, 8:30  \n**MediodÃ­a:** 10:00, 11:00, 12:00, 13:00  \n**Tarde:** 18:00, 19:00, 20:00  \n\n**SÃ¡bado:** 10:00, 11:00.  \n\nÂ¿Te gustarÃ­a saber algo mÃ¡s?",5,"Tenemos clases de lunes a viernes en la maÃ±ana, mediodÃ­a y tarde, y los sÃ¡bados en la maÃ±ana. ğŸ“… Â¿Te gustarÃ­a saber los horarios especÃ­ficos?",4
Hola,"Â¡Hola! ğŸ˜Š En House of Spencer te ayudamos a llegar al siguiente nivel y te acompaÃ±amos en todo tu proceso de recuperaciÃ³n ante lesiones o a ponerte en forma. ğŸƒâ€â™‚ï¸ âœ¨ No solo es ejercicio, es un estilo de vida âœ¨ Â¿CÃ³mo puedo ayudarte hoy? Puedo ayudarte a agendar clases, resolver dudas sobre nuestros servicios y mÃ¡s.","Â¡Hola! ğŸ˜Š Soy House of Spencer. Â¿CÃ³mo puedo ayudarte hoy? Puedo resolver dudas sobre horarios, precios y nuestros servicios. Â¡CuÃ©ntame!",4,"Â¡Hola! ğŸ˜Š En House of Spencer te ayudamos a llegar al siguiente nivel y te acompaÃ±amos en todo tu proceso de recuperaciÃ³n ante lesiones o a ponerte en forma. ğŸƒ\u200dâ™‚ï¸ âœ¨ No solo es ejercicio, es un estilo de vida âœ¨ Â¿CÃ³mo puedo ayudarte hoy? Puedo ayudarte a agendar clases, resolver dudas sobre nuestros servicios y mÃ¡s.",4
Hola,"Â¡Hola! ğŸ˜Š En House of Spencer te ayudamos a llegar al siguiente nivel y te acompaÃ±amos en todo tu proceso de recuperaciÃ³n ante lesiones o a ponerte en forma. ğŸƒâ€â™‚ï¸ âœ¨ No solo es ejercicio, es un estilo de vida âœ¨ Â¿CÃ³mo puedo ayudarte hoy? Puedo ayudarte a agendar clases, resolver dudas sobre nuestros servicios y mÃ¡s.","Â¡Hola! ğŸ˜Š Soy de House of Spencer. Â¿En quÃ© puedo ayudarte hoy? Puedo resolver dudas sobre horarios, precios, agendar clases y mÃ¡s. ğŸ’ª",4,"Â¡Hola! ğŸ˜Š En House of Spencer te ayudamos a llegar al siguiente nivel y te acompaÃ±amos en todo tu proceso de recuperaciÃ³n ante lesiones o a ponerte en forma. ğŸƒ\u200dâ™‚ï¸ âœ¨ No solo es ejercicio, es un estilo de vida âœ¨ Â¿CÃ³mo puedo ayudarte hoy? Puedo ayudarte a agendar clases, resolver dudas sobre nuestros servicios y mÃ¡s.",4
Hola,"Â¡Hola! ğŸ˜Š En House of Spencer te ayudamos a llegar al siguiente nivel y te acompaÃ±amos en todo tu proceso de recuperaciÃ³n ante lesiones o a ponerte en forma. ğŸƒâ€â™‚ï¸ âœ¨ No solo es ejercicio, es un estilo de vida âœ¨ Â¿CÃ³mo puedo ayudarte hoy? Puedo ayudarte a agendar clases, resolver dudas sobre nuestros servicios y mÃ¡s.","Â¡Hola! ğŸ˜Š Soy House of Spencer, el asistente de nuestro centro de entrenamiento. Estoy aquÃ­ para ayudarte con horarios, precios y mÃ¡s. Â¿En quÃ© puedo asistirte hoy? ğŸ’ª",4,"Â¡Hola! ğŸ˜Š En House of Spencer te ayudamos a llegar al siguiente nivel y te acompaÃ±amos en todo tu proceso de recuperaciÃ³n ante lesiones o a ponerte en forma. ğŸƒ\u200dâ™‚ï¸ âœ¨ No solo es ejercicio, es un estilo de vida âœ¨ Â¿CÃ³mo puedo ayudarte hoy? Puedo ayudarte a agendar clases, resolver dudas sobre nuestros servicios y mÃ¡s.",4
Hola,"Â¡Hola! ğŸ˜Š En House of Spencer te ayudamos a llegar al siguiente nivel y te acompaÃ±amos en todo tu proceso de recuperaciÃ³n ante lesiones o a ponerte en forma. ğŸƒâ€â™‚ï¸ âœ¨ No solo es ejercicio, es un estilo de vida âœ¨ Â¿CÃ³mo puedo ayudarte hoy? Puedo ayudarte a agendar clases, resolver dudas sobre nuestros servicios y mÃ¡s.","Â¡Hola! ğŸ˜Š Soy de House of Spencer. Estoy aquÃ­ para ayudarte con tus dudas sobre entrenamiento, nutriciÃ³n y mÃ¡s. Â¿En quÃ© puedo asistirte hoy? ğŸ’ª",4,"Â¡Hola! ğŸ˜Š En House of Spencer te ayudamos a llegar al siguiente nivel y te acompaÃ±amos en todo tu proceso de recuperaciÃ³n ante lesiones o a ponerte en forma. ğŸƒ\u200dâ™‚ï¸ âœ¨ No solo es ejercicio, es un estilo de vida âœ¨ Â¿CÃ³mo puedo ayudarte hoy? Puedo ayudarte a agendar clases, resolver dudas sobre nuestros servicios y mÃ¡s.",4
Â¿Puedo obtener un reembolso con orden mÃ©dica?,"SÃ­, como todas nuestras clases son realizadas por kinesiÃ³logos, nuestras sesiones son reembolsables con orden mÃ©dica. ğŸ“ Â¿Necesitas mÃ¡s informaciÃ³n?","Â¡Hola! ğŸ˜Š SÃ­, nuestras sesiones son reembolsables con orden mÃ©dica, ya que todas son realizadas por kinesiÃ³logos. ğŸ“ Â¿Necesitas mÃ¡s informaciÃ³n?",5,"Â¡SÃ­! ğŸ“ Como todas nuestras clases son realizadas por kinesiÃ³logos, nuestras sesiones son reembolsables con orden mÃ©dica. Â¿Necesitas mÃ¡s informaciÃ³n?",5
Â¿Puedo obtener un reembolso con orden mÃ©dica?,"SÃ­, como todas nuestras clases son realizadas por kinesiÃ³logos, nuestras sesiones son reembolsables con orden mÃ©dica. ğŸ“ Â¿Necesitas mÃ¡s informaciÃ³n?","Â¡Hola! ğŸ˜Š SÃ­, nuestras sesiones son reembolsables con orden mÃ©dica, ya que son realizadas por kinesiÃ³logos. ğŸ“ Â¿Necesitas mÃ¡s informaciÃ³n?",5,"Â¡SÃ­! ğŸ“ Como todas nuestras clases son realizadas por kinesiÃ³logos, nuestras sesiones son reembolsables con orden mÃ©dica. Â¿Necesitas mÃ¡s informaciÃ³n?",5
Â¿Puedo obtener un reembolso con orden mÃ©dica?,"SÃ­, como todas nuestras clases son realizadas por kinesiÃ³logos, nuestras sesiones son reembolsables con orden mÃ©dica. ğŸ“ Â¿Necesitas mÃ¡s informaciÃ³n?","Â¡Hola! ğŸ˜Š SÃ­, nuestras sesiones son reembolsables con orden mÃ©dica, ya que todas son realizadas por kinesiÃ³logos. ğŸ“ Â¿Necesitas mÃ¡s informaciÃ³n?",5,"Â¡Hola! ğŸ“ Como todas nuestras clases son realizadas por kinesiÃ³logos, nuestras sesiones son reembolsables con orden mÃ©dica. Â¿Necesitas mÃ¡s informaciÃ³n?",5
Â¿Puedo obtener un reembolso con orden mÃ©dica?,"SÃ­, como todas nuestras clases son realizadas por kinesiÃ³logos, nuestras sesiones son reembolsables con orden mÃ©dica. ğŸ“ Â¿Necesitas mÃ¡s informaciÃ³n?","Â¡Hola! ğŸ˜Š SÃ­, nuestras sesiones son reembolsables con orden mÃ©dica, ya que todas son realizadas por kinesiÃ³logos. ğŸ“ Â¿Necesitas mÃ¡s informaciÃ³n?",5,"Â¡SÃ­! ğŸš‘ Como todas nuestras clases son realizadas por kinesiÃ³logos, nuestras sesiones son reembolsables con orden mÃ©dica. ğŸ“ Â¿Necesitas mÃ¡s informaciÃ³n?",5
"Hola, ayer fui a la clase de prueba y todo bien. Â¿CÃ³mo contrato algÃºn plan?",Â¡Hola! Me alegro mucho que te hayan gustado nuestras clases y el estilo House of Spencer! ğŸ™Œ Solo debes bajar la app BoxMagic en tu celular o visitar https://auth.boxmagic.cl/. AhÃ­ ingresas y compras un plan con alguno de nuestros profes de 10 o 20 sesiones. ğŸ‹ï¸â€â™‚ï¸ Â¿Puedo ayudarte con algo mÃ¡s?,"Â¡Hola! ğŸ˜Š Me alegra que te haya gustado la clase. Para contratar un plan, descarga la app BoxMagic o visita https://auth.boxmagic.cl/. AhÃ­ podrÃ¡s comprar un plan de 10 o 20 sesiones. ğŸ‹ï¸\u200dâ™‚ï¸ Â¿Te puedo ayudar con algo mÃ¡s?",5,Â¡Hola! ğŸ˜Š Me alegro que te haya gustado la clase. ğŸ™Œ Solo debes bajar la app BoxMagic en tu celular o visitar https://auth.boxmagic.cl/. AhÃ­ ingresas y compras un plan con alguno de nuestros profes de 10 o 20 sesiones. ğŸ‹ï¸\u200dâ™‚ï¸ Â¿Puedo ayudarte con algo mÃ¡s?,5
"Hola, ayer fui a la clase de prueba y todo bien. Â¿CÃ³mo contrato algÃºn plan?",Â¡Hola! Me alegro mucho que te hayan gustado nuestras clases y el estilo House of Spencer! ğŸ™Œ Solo debes bajar la app BoxMagic en tu celular o visitar https://auth.boxmagic.cl/. AhÃ­ ingresas y compras un plan con alguno de nuestros profes de 10 o 20 sesiones. ğŸ‹ï¸â€â™‚ï¸ Â¿Puedo ayudarte con algo mÃ¡s?,"Â¡Hola! ğŸ˜Š Me alegra que te haya gustado la clase. Para contratar un plan, descarga la app BoxMagic o visita https://auth.boxmagic.cl/. AhÃ­ podrÃ¡s comprar un plan de 10 o 20 sesiones. ğŸ‹ï¸\u200dâ™‚ï¸ Â¿Puedo ayudarte con algo mÃ¡s?",5,Â¡Hola! ğŸ˜Š Me alegro que te haya gustado nuestra clase. ğŸ™Œ Solo debes bajar la app BoxMagic en tu celular o visitar https://auth.boxmagic.cl/. AhÃ­ ingresas y compras un plan con alguno de nuestros profes de 10 o 20 sesiones. ğŸ‹ï¸\u200dâ™‚ï¸ Â¿Puedo ayudarte con algo mÃ¡s?,5
"Hola, ayer fui a la clase de prueba y todo bien. Â¿CÃ³mo contrato algÃºn plan?",Â¡Hola! Me alegro mucho que te hayan gustado nuestras clases y el estilo House of Spencer! ğŸ™Œ Solo debes bajar la app BoxMagic en tu celular o visitar https://auth.boxmagic.cl/. AhÃ­ ingresas y compras un plan con alguno de nuestros profes de 10 o 20 sesiones. ğŸ‹ï¸â€â™‚ï¸ Â¿Puedo ayudarte con algo mÃ¡s?,Â¡Hola! Me alegra que te haya gustado la clase. ğŸ™Œ Puedes contratar un plan descargando la app BoxMagic o visitando https://auth.boxmagic.cl/. AhÃ­ podrÃ¡s elegir entre los diferentes planes de sesiones. Â¿Necesitas ayuda con algo mÃ¡s? ğŸ’ª,5,Â¡Hola! ğŸ˜Š Me alegro que te haya gustado la clase. ğŸ™Œ Solo debes bajar la app BoxMagic en tu celular o visitar https://auth.boxmagic.cl/. AhÃ­ ingresas y compras un plan con alguno de nuestros profes de 10 o 20 sesiones. ğŸ‹ï¸\u200dâ™‚ï¸ Â¿Puedo ayudarte con algo mÃ¡s?,5
"Hola, ayer fui a la clase de prueba y todo bien. Â¿CÃ³mo contrato algÃºn plan?",Â¡Hola! Me alegro mucho que te hayan gustado nuestras clases y el estilo House of Spencer! ğŸ™Œ Solo debes bajar la app BoxMagic en tu celular o visitar https://auth.boxmagic.cl/. AhÃ­ ingresas y compras un plan con alguno de nuestros profes de 10 o 20 sesiones. ğŸ‹ï¸â€â™‚ï¸ Â¿Puedo ayudarte con algo mÃ¡s?,"Â¡Hola! ğŸ˜Š Me alegra que te haya gustado la clase. Para contratar un plan, descarga la app BoxMagic o visita https://auth.boxmagic.cl/. AhÃ­ podrÃ¡s comprar un plan de 10 o 20 sesiones. ğŸ‹ï¸\u200dâ™‚ï¸ Â¿Te puedo ayudar con algo mÃ¡s?",5,Â¡Hola! Me alegro mucho que te haya gustado nuestra clase y el estilo House of Spencer! ğŸ™Œ Solo debes bajar la app BoxMagic en tu celular o visitar https://auth.boxmagic.cl/. AhÃ­ ingresas y compras un plan con alguno de nuestros profes de 10 o 20 sesiones. ğŸ‹ï¸\u200dâ™‚ï¸ Â¿Puedo ayudarte con algo mÃ¡s?,5
"Hola, Â¿son solo clases o se puede ir a entrenar por mi cuenta?",Â¡Hola! ğŸ˜Š Muchas gracias por escribir a House of Spencer. Tenemos clases guiadas semi-personalizadas y personalizadas. Por el momento no ofrecemos el servicio de Open-Gym. ğŸ‹ï¸â€â™€ï¸ Â¿Te gustarÃ­a venir a una de nuestras clases de prueba gratuita? Agenda aquÃ­: ğŸ“² https://boxmagic.cl/sp/HouseofSpencer24,"Â¡Hola! ğŸ˜Š En House of Spencer ofrecemos clases guiadas semi-personalizadas y personalizadas. Por el momento, no tenemos servicio de Open-Gym. ğŸ‹ï¸\u200dâ™€ï¸ Â¿Te gustarÃ­a agendar una clase de prueba gratuita? AquÃ­: ğŸ“² https://boxmagic.cl/sp/HouseofSpencer24.",5,Â¡Hola! ğŸ˜Š No ofrecemos el servicio de Open-Gym. Tenemos clases guiadas semi-personalizadas y personalizadas. ğŸ‹ï¸\u200dâ™€ï¸ Â¿Te gustarÃ­a venir a una de nuestras clases de prueba gratuita? Agenda aquÃ­: ğŸ“² https://boxmagic.cl/sp/HouseofSpencer24,5
"Hola, Â¿son solo clases o se puede ir a entrenar por mi cuenta?",Â¡Hola! ğŸ˜Š Muchas gracias por escribir a House of Spencer. Tenemos clases guiadas semi-personalizadas y personalizadas. Por el momento no ofrecemos el servicio de Open-Gym. ğŸ‹ï¸â€â™€ï¸ Â¿Te gustarÃ­a venir a una de nuestras clases de prueba gratuita? Agenda aquÃ­: ğŸ“² https://boxmagic.cl/sp/HouseofSpencer24,"Â¡Hola! ğŸ˜Š En House of Spencer ofrecemos clases guiadas semi-personalizadas. Actualmente, no contamos con servicio de Open-Gym. ğŸ‹ï¸\u200dâ™€ï¸ Â¿Te gustarÃ­a agendar una clase de prueba gratuita? ğŸ“²",4,Â¡Hola! ğŸ˜Š No ofrecemos el servicio de Open-Gym. Tenemos clases guiadas semi-personalizadas y personalizadas. ğŸ‹ï¸\u200dâ™€ï¸ Â¿Te gustarÃ­a venir a una de nuestras clases de prueba gratuita? Agenda aquÃ­: ğŸ“² https://boxmagic.cl/sp/HouseofSpencer24,5
"Hola, Â¿son solo clases o se puede ir a entrenar por mi cuenta?",Â¡Hola! ğŸ˜Š Muchas gracias por escribir a House of Spencer. Tenemos clases guiadas semi-personalizadas y personalizadas. Por el momento no ofrecemos el servicio de Open-Gym. ğŸ‹ï¸â€â™€ï¸ Â¿Te gustarÃ­a venir a una de nuestras clases de prueba gratuita? Agenda aquÃ­: ğŸ“² https://boxmagic.cl/sp/HouseofSpencer24,"Â¡Hola! ğŸ˜Š En House of Spencer ofrecemos clases guiadas semi-personalizadas, pero no tenemos servicio de Open-Gym. ğŸ‹ï¸\u200dâ™€ï¸ Â¿Te gustarÃ­a agendar una clase de prueba gratuita? Puedes hacerlo aquÃ­: ğŸ“² https://boxmagic.cl/sp/HouseofSpencer24.",5,"Â¡Hola! ğŸ˜Š No es solo ejercicio, es un estilo de vida âœ¨ Tenemos clases guiadas semi-personalizadas y personalizadas. Por el momento no ofrecemos el servicio de Open-Gym. ğŸ‹ï¸\u200dâ™€ï¸ Â¿Te gustarÃ­a venir a una de nuestras clases de prueba gratuita? Agenda aquÃ­: ğŸ“² https://boxmagic.cl/sp/HouseofSpencer24",5
"Hola, Â¿son solo clases o se puede ir a entrenar por mi cuenta?",Â¡Hola! ğŸ˜Š Muchas gracias por escribir a House of Spencer. Tenemos clases guiadas semi-personalizadas y personalizadas. Por el momento no ofrecemos el servicio de Open-Gym. ğŸ‹ï¸â€â™€ï¸ Â¿Te gustarÃ­a venir a una de nuestras clases de prueba gratuita? Agenda aquÃ­: ğŸ“² https://boxmagic.cl/sp/HouseofSpencer24,Â¡Hola! ğŸ˜Š En House of Spencer ofrecemos clases guiadas semi-personalizadas y personalizadas. No contamos con el servicio de Open-Gym. ğŸ‹ï¸\u200dâ™€ï¸ Â¿Te gustarÃ­a agendar una clase de prueba gratuita? ğŸ“²,5,Â¡Hola! ğŸ˜Š No ofrecemos el servicio de Open-Gym. Tenemos clases guiadas semi-personalizadas y personalizadas. ğŸ‹ï¸\u200dâ™€ï¸ Â¿Te gustarÃ­a venir a una de nuestras clases de prueba gratuita? Agenda aquÃ­: ğŸ“² https://boxmagic.cl/sp/HouseofSpencer24,5
Â¿Necesito una orden mÃ©dica para tomar sesiones de kinesiologÃ­a con ustedes?,"No necesitas una orden mÃ©dica para entrenar con nosotros. ğŸš‘ Como todas nuestras clases son realizadas por kinesiÃ³logos, nuestras sesiones son reembolsables con orden mÃ©dica. ğŸ“ Â¿Necesitas mÃ¡s informaciÃ³n?","Â¡Hola! ğŸ˜Š No necesitas una orden mÃ©dica para entrenar con nosotros. Sin embargo, nuestras sesiones de kinesiologÃ­a son reembolsables con orden mÃ©dica. ğŸ“ Â¿Necesitas mÃ¡s informaciÃ³n?",4,"No necesitas una orden mÃ©dica para entrenar con nosotros. ğŸš‘ Como todas nuestras clases son realizadas por kinesiÃ³logos, nuestras sesiones son reembolsables con orden mÃ©dica. ğŸ“ Â¿Necesitas mÃ¡s informaciÃ³n?",4
Â¿Necesito una orden mÃ©dica para tomar sesiones de kinesiologÃ­a con ustedes?,"No necesitas una orden mÃ©dica para entrenar con nosotros. ğŸš‘ Como todas nuestras clases son realizadas por kinesiÃ³logos, nuestras sesiones son reembolsables con orden mÃ©dica. ğŸ“ Â¿Necesitas mÃ¡s informaciÃ³n?","Â¡Hola! ğŸ˜Š No necesitas una orden mÃ©dica para entrenar con nosotros. Sin embargo, nuestras sesiones son reembolsables con orden mÃ©dica. ğŸ“ Â¿Necesitas mÃ¡s informaciÃ³n?",4,"No necesitas una orden mÃ©dica para entrenar con nosotros. ğŸš‘ Como todas nuestras clases son realizadas por kinesiÃ³logos, nuestras sesiones son reembolsables con orden mÃ©dica. ğŸ“ Â¿Necesitas mÃ¡s informaciÃ³n?",4
Â¿Necesito una orden mÃ©dica para tomar sesiones de kinesiologÃ­a con ustedes?,"No necesitas una orden mÃ©dica para entrenar con nosotros. ğŸš‘ Como todas nuestras clases son realizadas por kinesiÃ³logos, nuestras sesiones son reembolsables con orden mÃ©dica. ğŸ“ Â¿Necesitas mÃ¡s informaciÃ³n?","Â¡Hola! ğŸ˜Š No necesitas una orden mÃ©dica para entrenar con nosotros. Sin embargo, nuestras sesiones son reembolsables con orden mÃ©dica. ğŸ“ Â¿Necesitas mÃ¡s informaciÃ³n?",4,"No necesitas una orden mÃ©dica para entrenar con nosotros. ğŸš‘ Como todas nuestras clases son realizadas por kinesiÃ³logos, nuestras sesiones son reembolsables con orden mÃ©dica. ğŸ“ Â¿Necesitas mÃ¡s informaciÃ³n?",4
Â¿Necesito una orden mÃ©dica para tomar sesiones de kinesiologÃ­a con ustedes?,"No necesitas una orden mÃ©dica para entrenar con nosotros. ğŸš‘ Como todas nuestras clases son realizadas por kinesiÃ³logos, nuestras sesiones son reembolsables con orden mÃ©dica. ğŸ“ Â¿Necesitas mÃ¡s informaciÃ³n?","Â¡Hola! ğŸ˜Š No necesitas una orden mÃ©dica para entrenar con nosotros. Sin embargo, nuestras sesiones son reembolsables con orden mÃ©dica. ğŸ“ Â¿Te gustarÃ­a saber mÃ¡s?",4,"No necesitas una orden mÃ©dica para entrenar con nosotros. ğŸš‘ Como todas nuestras clases son realizadas por kinesiÃ³logos, nuestras sesiones son reembolsables con orden mÃ©dica. ğŸ“ Â¿Necesitas mÃ¡s informaciÃ³n?",4
Â¿QuÃ© tipo de centro es House of Spencer?,"Â¡Hola! Gracias por contactarnos. ğŸ˜Š Tenemos un espacio de entrenamiento en Providencia para ayudarte en tus objetivos. ğŸ‹ï¸â€â™€ï¸ Nuestra funciÃ³n es enseÃ±ar movimiento y mejorar tu biomecÃ¡nica. De esta forma evitamos posibles lesiones y te ayudamos a conseguir tus objetivos alineando todos los componentes del fitness, entrenamiento y nutriciÃ³n. ğŸğŸ’ª",Â¡Hola! ğŸ˜Š House of Spencer es un centro de entrenamiento especializado en mejorar la biomecÃ¡nica y enseÃ±ar movimiento. Nuestro enfoque es evitar lesiones y mejorar la eficiencia fÃ­sica a travÃ©s de clases semi personalizadas. ğŸ‹ï¸\u200dâ™€ï¸ Â¿Te gustarÃ­a saber mÃ¡s sobre nuestros servicios?,4,"Â¡Hola! ğŸ˜Š Tenemos un espacio de entrenamiento en Providencia para ayudarte en tus objetivos. ğŸ‹ï¸\u200dâ™€ï¸ Nuestra funciÃ³n es enseÃ±ar movimiento y mejorar tu biomecÃ¡nica. De esta forma evitamos posibles lesiones y te ayudamos a conseguir tus objetivos alineando todos los componentes del fitness, entrenamiento y nutriciÃ³n. ğŸğŸ’ª Â¿CÃ³mo puedo ayudarte hoy?",4
Â¿QuÃ© tipo de centro es House of Spencer?,"Â¡Hola! Gracias por contactarnos. ğŸ˜Š Tenemos un espacio de entrenamiento en Providencia para ayudarte en tus objetivos. ğŸ‹ï¸â€â™€ï¸ Nuestra funciÃ³n es enseÃ±ar movimiento y mejorar tu biomecÃ¡nica. De esta forma evitamos posibles lesiones y te ayudamos a conseguir tus objetivos alineando todos los componentes del fitness, entrenamiento y nutriciÃ³n. ğŸğŸ’ª","Â¡Hola! ğŸ˜Š House of Spencer es un centro de entrenamiento en Providencia enfocado en mejorar la biomecÃ¡nica y enseÃ±ar movimiento para evitar lesiones. Ofrecemos clases semi personalizadas, masoterapia y asesorÃ­as en nutriciÃ³n. ğŸ‹ï¸\u200dâ™€ï¸ğŸ Â¿Te gustarÃ­a saber mÃ¡s sobre algÃºn servicio?",5,"Â¡Hola! ğŸ˜Š Tenemos un espacio de entrenamiento en Providencia para ayudarte en tus objetivos. ğŸ‹ï¸\u200dâ™€ï¸ Nuestra funciÃ³n es enseÃ±ar movimiento y mejorar tu biomecÃ¡nica. De esta forma evitamos posibles lesiones y te ayudamos a conseguir tus objetivos alineando todos los componentes del fitness, entrenamiento y nutriciÃ³n. ğŸğŸ’ª Â¿CÃ³mo puedo ayudarte hoy?",4
Â¿QuÃ© tipo de centro es House of Spencer?,"Â¡Hola! Gracias por contactarnos. ğŸ˜Š Tenemos un espacio de entrenamiento en Providencia para ayudarte en tus objetivos. ğŸ‹ï¸â€â™€ï¸ Nuestra funciÃ³n es enseÃ±ar movimiento y mejorar tu biomecÃ¡nica. De esta forma evitamos posibles lesiones y te ayudamos a conseguir tus objetivos alineando todos los componentes del fitness, entrenamiento y nutriciÃ³n. ğŸğŸ’ª","Â¡Hola! ğŸ˜Š House of Spencer es un centro de entrenamiento especializado en mejorar la biomecÃ¡nica y enseÃ±ar movimiento. Nuestro enfoque es evitar lesiones y mejorar la eficiencia fÃ­sica. Ofrecemos clases semi personalizadas, masoterapia y asesorÃ­as en nutriciÃ³n. ğŸ‹ï¸\u200dâ™€ï¸ Â¿Te gustarÃ­a saber mÃ¡s sobre nuestros servicios?",5,"Â¡Hola! ğŸ˜Š Tenemos un espacio de entrenamiento en Providencia para ayudarte en tus objetivos. ğŸ‹ï¸\u200dâ™€ï¸ Nuestra funciÃ³n es enseÃ±ar movimiento y mejorar tu biomecÃ¡nica. De esta forma evitamos posibles lesiones y te ayudamos a conseguir tus objetivos alineando todos los componentes del fitness, entrenamiento y nutriciÃ³n. ğŸğŸ’ª Â¿CÃ³mo puedo ayudarte hoy?",4
Â¿QuÃ© tipo de centro es House of Spencer?,"Â¡Hola! Gracias por contactarnos. ğŸ˜Š Tenemos un espacio de entrenamiento en Providencia para ayudarte en tus objetivos. ğŸ‹ï¸â€â™€ï¸ Nuestra funciÃ³n es enseÃ±ar movimiento y mejorar tu biomecÃ¡nica. De esta forma evitamos posibles lesiones y te ayudamos a conseguir tus objetivos alineando todos los componentes del fitness, entrenamiento y nutriciÃ³n. ğŸğŸ’ª",Â¡Hola! ğŸ˜Š House of Spencer es un centro de entrenamiento especializado en mejorar la biomecÃ¡nica y enseÃ±ar movimiento para evitar lesiones. Ofrecemos clases semi personalizadas y servicios de nutriciÃ³n y masoterapia. ğŸ‹ï¸\u200dâ™€ï¸ Â¿Te gustarÃ­a saber mÃ¡s?,5,"Â¡Hola! ğŸ˜Š Tenemos un espacio de entrenamiento en Providencia para ayudarte en tus objetivos. ğŸ‹ï¸\u200dâ™€ï¸ Nuestra funciÃ³n es enseÃ±ar movimiento y mejorar tu biomecÃ¡nica. De esta forma evitamos posibles lesiones y te ayudamos a conseguir tus objetivos alineando todos los componentes del fitness, entrenamiento y nutriciÃ³n. ğŸğŸ’ª Â¿CÃ³mo puedo ayudarte hoy?",4
Â¿QuiÃ©nes son los profes que hacen clases AM?,"Â¡Hola! Durante las maÃ±anas nuestros profes son NicolÃ¡s Spencer, Vane Jenkin, Rolo Flores y TomÃ¡s Paulsen. ğŸ”¥ Recuerda que nuestros profes pueden modificar los horarios, pero en HOS siempre puedes contar con un profesional experto que estarÃ¡ disponible para ayudarte en tu camino del deporte y recuperaciÃ³n. ğŸƒâ€â™‚ï¸","Â¡Hola! ğŸ˜Š Durante las maÃ±anas, nuestros profes son NicolÃ¡s Spencer, Vane Jenkin, Rolo Flores y TomÃ¡s Paulsen. ğŸ”¥ Â¿Te gustarÃ­a saber mÃ¡s sobre nuestras clases?",5,"Â¡Hola! Durante las maÃ±anas nuestros profes son NicolÃ¡s Spencer, Vane Jenkin, Rolo Flores y TomÃ¡s Paulsen. ğŸ”¥ Recuerda que nuestros profes pueden modificar los horarios, pero en HOS siempre puedes contar con un profesional experto que estarÃ¡ disponible para ayudarte en tu camino del deporte y recuperaciÃ³n. ğŸƒ\u200dâ™‚ï¸ Â¿Necesitas mÃ¡s informaciÃ³n?",5
Â¿QuiÃ©nes son los profes que hacen clases AM?,"Â¡Hola! Durante las maÃ±anas nuestros profes son NicolÃ¡s Spencer, Vane Jenkin, Rolo Flores y TomÃ¡s Paulsen. ğŸ”¥ Recuerda que nuestros profes pueden modificar los horarios, pero en HOS siempre puedes contar con un profesional experto que estarÃ¡ disponible para ayudarte en tu camino del deporte y recuperaciÃ³n. ğŸƒâ€â™‚ï¸","Â¡Hola! ğŸ˜Š Durante las maÃ±anas, nuestros profes son NicolÃ¡s Spencer, Vane Jenkin, Rolo Flores y TomÃ¡s Paulsen. ğŸ”¥ Â¿Te gustarÃ­a saber mÃ¡s sobre nuestras clases?",5,"Â¡Hola! Durante las maÃ±anas nuestros profes son NicolÃ¡s Spencer, Vane Jenkin, Rolo Flores y TomÃ¡s Paulsen. ğŸ”¥ Recuerda que nuestros profes pueden modificar los horarios, pero en HOS siempre puedes contar con un profesional experto que estarÃ¡ disponible para ayudarte en tu camino del deporte y recuperaciÃ³n. ğŸƒ\u200dâ™‚ï¸ Â¿Te gustarÃ­a saber los horarios especÃ­ficos?",5
Â¿QuiÃ©nes son los profes que hacen clases AM?,"Â¡Hola! Durante las maÃ±anas nuestros profes son NicolÃ¡s Spencer, Vane Jenkin, Rolo Flores y TomÃ¡s Paulsen. ğŸ”¥ Recuerda que nuestros profes pueden modificar los horarios, pero en HOS siempre puedes contar con un profesional experto que estarÃ¡ disponible para ayudarte en tu camino del deporte y recuperaciÃ³n. ğŸƒâ€â™‚ï¸","Â¡Hola! ğŸ˜Š Durante las maÃ±anas, nuestros profes son NicolÃ¡s Spencer, Vane Jenkin, Rolo Flores y TomÃ¡s Paulsen. ğŸ”¥ Â¿Te gustarÃ­a saber mÃ¡s sobre nuestras clases?",5,"Â¡Hola! Durante las maÃ±anas nuestros profes son NicolÃ¡s Spencer, Vane Jenkin, Rolo Flores y TomÃ¡s Paulsen. ğŸ”¥ Recuerda que nuestros profes pueden modificar los horarios, pero en HOS siempre puedes contar con un profesional experto que estarÃ¡ disponible para ayudarte en tu camino del deporte y recuperaciÃ³n. ğŸƒ\u200dâ™‚ï¸ Â¿Te gustarÃ­a saber los horarios especÃ­ficos?",5
Â¿QuiÃ©nes son los profes que hacen clases AM?,"Â¡Hola! Durante las maÃ±anas nuestros profes son NicolÃ¡s Spencer, Vane Jenkin, Rolo Flores y TomÃ¡s Paulsen. ğŸ”¥ Recuerda que nuestros profes pueden modificar los horarios, pero en HOS siempre puedes contar con un profesional experto que estarÃ¡ disponible para ayudarte en tu camino del deporte y recuperaciÃ³n. ğŸƒâ€â™‚ï¸","Â¡Hola! ğŸ˜Š Durante las maÃ±anas, nuestros profes son NicolÃ¡s Spencer, Vane Jenkin, Rolo Flores y TomÃ¡s Paulsen. ğŸ‹ï¸\u200dâ™‚ï¸ Â¿Te gustarÃ­a saber mÃ¡s sobre nuestras clases?",5,"Â¡Hola! Durante las maÃ±anas nuestros profes son NicolÃ¡s Spencer, Vane Jenkin, Rolo Flores y TomÃ¡s Paulsen. ğŸ”¥ Recuerda que nuestros profes pueden modificar los horarios, pero en HOS siempre puedes contar con un profesional experto que estarÃ¡ disponible para ayudarte en tu camino del deporte y recuperaciÃ³n. ğŸƒ\u200dâ™‚ï¸ Â¿Necesitas saber algo mÃ¡s?",5
Â¿QuiÃ©nes son los profes que hacen clases PM?,"Â¡Hola! Durante las tardes nuestros profes son NicolÃ¡s Spencer, Vane Jenkin, Rolo Flores, FabiÃ¡n Vega y TomÃ¡s Paulsen. ğŸ”¥ Recuerda que nuestros profes pueden modificar sus horarios y estos varÃ­an de acuerdo al dÃ­a de la semana, pero en HOS siempre puedes contar con un profesional experto que estarÃ¡ disponible para ayudarte en tu camino del deporte y recuperaciÃ³n. ğŸƒâ€â™‚ï¸","Â¡Hola! ğŸ˜Š Durante las tardes, nuestros profes son NicolÃ¡s Spencer, Vane Jenkin, Rolo Flores, FabiÃ¡n Vega y TomÃ¡s Paulsen. ğŸ”¥ Si necesitas mÃ¡s informaciÃ³n, Â¡hazmelo saber!",5,"Â¡Hola! ğŸ˜Š Durante las tardes nuestros profes son NicolÃ¡s Spencer, Vane Jenkin, Rolo Flores, FabiÃ¡n Vega y TomÃ¡s Paulsen. ğŸ”¥ Recuerda que nuestros profes pueden modificar sus horarios y estos varÃ­an de acuerdo al dÃ­a de la semana. Â¿Te gustarÃ­a venir a una de nuestras clases de prueba gratuita? Agenda aquÃ­: ğŸ“² https://boxmagic.cl/sp/HouseofSpencer24 Â¿Puedo ayudarte con algo mÃ¡s?",5
Â¿QuiÃ©nes son los profes que hacen clases PM?,"Â¡Hola! Durante las tardes nuestros profes son NicolÃ¡s Spencer, Vane Jenkin, Rolo Flores, FabiÃ¡n Vega y TomÃ¡s Paulsen. ğŸ”¥ Recuerda que nuestros profes pueden modificar sus horarios y estos varÃ­an de acuerdo al dÃ­a de la semana, pero en HOS siempre puedes contar con un profesional experto que estarÃ¡ disponible para ayudarte en tu camino del deporte y recuperaciÃ³n. ğŸƒâ€â™‚ï¸","Â¡Hola! ğŸ˜Š Durante las tardes, nuestros profes son NicolÃ¡s Spencer, Vane Jenkin, Rolo Flores, FabiÃ¡n Vega y TomÃ¡s Paulsen. ğŸ”¥ Â¿Te gustarÃ­a saber mÃ¡s sobre nuestros horarios o servicios?",5,"Â¡Hola! ğŸ˜Š Durante las tardes nuestros profes son NicolÃ¡s Spencer, Vane Jenkin, Rolo Flores, FabiÃ¡n Vega y TomÃ¡s Paulsen. ğŸ”¥ Recuerda que nuestros profes pueden modificar sus horarios y estos varÃ­an de acuerdo al dÃ­a de la semana. Â¿Te gustarÃ­a venir a una de nuestras clases de prueba gratuita? Agenda aquÃ­: ğŸ“² https://boxmagic.cl/sp/HouseofSpencer24 Â¿Puedo ayudarte con algo mÃ¡s?",5
Â¿QuiÃ©nes son los profes que hacen clases PM?,"Â¡Hola! Durante las tardes nuestros profes son NicolÃ¡s Spencer, Vane Jenkin, Rolo Flores, FabiÃ¡n Vega y TomÃ¡s Paulsen. ğŸ”¥ Recuerda que nuestros profes pueden modificar sus horarios y estos varÃ­an de acuerdo al dÃ­a de la semana, pero en HOS siempre puedes contar con un profesional experto que estarÃ¡ disponible para ayudarte en tu camino del deporte y recuperaciÃ³n. ğŸƒâ€â™‚ï¸","Â¡Hola! ğŸ˜Š Durante las tardes, nuestros profes son NicolÃ¡s Spencer, Vane Jenkin, Rolo Flores, FabiÃ¡n Vega y TomÃ¡s Paulsen. ğŸ”¥ Â¿Te gustarÃ­a mÃ¡s informaciÃ³n sobre nuestras clases?",5,"Â¡Hola! Durante las tardes nuestros profes son NicolÃ¡s Spencer, Vane Jenkin, Rolo Flores, FabiÃ¡n Vega y TomÃ¡s Paulsen. ğŸ”¥ Recuerda que nuestros profes pueden modificar sus horarios y estos varÃ­an de acuerdo al dÃ­a de la semana. Â¿Te gustarÃ­a venir a una de nuestras clases de prueba gratuita? Agenda aquÃ­: ğŸ“² https://boxmagic.cl/sp/HouseofSpencer24 Â¿Necesitas ayuda con algo mÃ¡s?",5
Â¿QuiÃ©nes son los profes que hacen clases PM?,"Â¡Hola! Durante las tardes nuestros profes son NicolÃ¡s Spencer, Vane Jenkin, Rolo Flores, FabiÃ¡n Vega y TomÃ¡s Paulsen. ğŸ”¥ Recuerda que nuestros profes pueden modificar sus horarios y estos varÃ­an de acuerdo al dÃ­a de la semana, pero en HOS siempre puedes contar con un profesional experto que estarÃ¡ disponible para ayudarte en tu camino del deporte y recuperaciÃ³n. ğŸƒâ€â™‚ï¸","Â¡Hola! ğŸ˜Š Durante las tardes, nuestros profes son NicolÃ¡s Spencer, Vane Jenkin, Rolo Flores, FabiÃ¡n Vega y TomÃ¡s Paulsen. ğŸ”¥ Si necesitas mÃ¡s informaciÃ³n, aquÃ­ estoy para ayudarte.",5,"Â¡Hola! Durante las tardes nuestros profes son NicolÃ¡s Spencer, Vane Jenkin, Rolo Flores, FabiÃ¡n Vega y TomÃ¡s Paulsen. ğŸ”¥ Recuerda que nuestros profes pueden modificar sus horarios y estos varÃ­an de acuerdo al dÃ­a de la semana. Â¿Te gustarÃ­a venir a una de nuestras clases de prueba gratuita? Agenda aquÃ­: ğŸ“² https://boxmagic.cl/sp/HouseofSpencer24 Â¿Puedo ayudarte con algo mÃ¡s?",5
Â¿DÃ³nde puedo pagar para las clases de entrenamiento funcional?,"Â¡Hola! ğŸ’ª Para pagar y agendar tus clases de entrenamiento funcional, descarga la app BoxMagic o visita https://auth.boxmagic.cl/. ğŸ“² Una vez registrada, busca nuestro centro y podrÃ¡s gestionar tus clases fÃ¡cilmente. Â¿Necesitas ayuda con algo mÃ¡s?","Â¡Hola! ğŸ’ª Para pagar y agendar tus clases de entrenamiento funcional, descarga la app BoxMagic o visita https://auth.boxmagic.cl/. ğŸ“² Â¿Necesitas ayuda con algo mÃ¡s?",5,"Â¡Hola! ğŸ’ª Para pagar y agendar tus clases de entrenamiento funcional, descarga la app BoxMagic o visita https://auth.boxmagic.cl/. ğŸ“² Â¿Necesitas ayuda con algo mÃ¡s?",5
Â¿DÃ³nde puedo pagar para las clases de entrenamiento funcional?,"Â¡Hola! ğŸ’ª Para pagar y agendar tus clases de entrenamiento funcional, descarga la app BoxMagic o visita https://auth.boxmagic.cl/. ğŸ“² Una vez registrada, busca nuestro centro y podrÃ¡s gestionar tus clases fÃ¡cilmente. Â¿Necesitas ayuda con algo mÃ¡s?","Â¡Hola! ğŸ’ª Para pagar y agendar tus clases de entrenamiento funcional, descarga la app BoxMagic o visita https://auth.boxmagic.cl/. ğŸ“² Â¿Necesitas ayuda con algo mÃ¡s?",5,"Â¡Hola! ğŸ’ª Para pagar y agendar tus clases de entrenamiento funcional, descarga la app BoxMagic o visita https://auth.boxmagic.cl/. ğŸ“² Â¿Necesitas ayuda con algo mÃ¡s?",5
Â¿DÃ³nde puedo pagar para las clases de entrenamiento funcional?,"Â¡Hola! ğŸ’ª Para pagar y agendar tus clases de entrenamiento funcional, descarga la app BoxMagic o visita https://auth.boxmagic.cl/. ğŸ“² Una vez registrada, busca nuestro centro y podrÃ¡s gestionar tus clases fÃ¡cilmente. Â¿Necesitas ayuda con algo mÃ¡s?","Â¡Hola! ğŸ’ª Para pagar y agendar tus clases de entrenamiento funcional, descarga la app BoxMagic o visita https://auth.boxmagic.cl/. ğŸ“² Â¿Necesitas ayuda con algo mÃ¡s?",5,"Â¡Hola! ğŸ’ª Para pagar y agendar tus clases de entrenamiento funcional, descarga la app BoxMagic o visita https://auth.boxmagic.cl/. ğŸ“² Â¿Necesitas ayuda con algo mÃ¡s?",5
Â¿DÃ³nde puedo pagar para las clases de entrenamiento funcional?,"Â¡Hola! ğŸ’ª Para pagar y agendar tus clases de entrenamiento funcional, descarga la app BoxMagic o visita https://auth.boxmagic.cl/. ğŸ“² Una vez registrada, busca nuestro centro y podrÃ¡s gestionar tus clases fÃ¡cilmente. Â¿Necesitas ayuda con algo mÃ¡s?","Â¡Hola! ğŸ’ª Para pagar y agendar tus clases de entrenamiento funcional, descarga la app BoxMagic o visita https://auth.boxmagic.cl/. ğŸ“² Â¿Necesitas ayuda con algo mÃ¡s?",5,"Â¡Hola! ğŸ’ª Para pagar y agendar tus clases de entrenamiento funcional, descarga la app BoxMagic o visita https://auth.boxmagic.cl/. ğŸ“² Â¿Necesitas ayuda con algo mÃ¡s?",5
Â¿CÃ³mo me inscribo en las clases de entrenamiento funcional?,"Â¡Hola! Puedes inscribirte descargando la app BoxMagic en tu celular o visitando https://auth.boxmagic.cl/. ğŸ“² Luego, busca nuestro centro y podrÃ¡s agendar tus clases. ğŸ‹ï¸â€â™€ï¸ Si tienes alguna duda durante el proceso, estoy aquÃ­ para ayudarte.","Â¡Hola! ğŸ˜Š Puedes inscribirte descargando la app BoxMagic en tu celular o visitando https://auth.boxmagic.cl/. ğŸ“² Busca nuestro centro y podrÃ¡s agendar tus clases. Si necesitas ayuda, aquÃ­ estoy. Â¡Saludos!",5,"Â¡Hola! ğŸ’ª Puedes inscribirte descargando la app BoxMagic en tu celular o visitando https://auth.boxmagic.cl/. ğŸ“² Si necesitas ayuda durante el proceso, estoy aquÃ­ para ayudarte. Â¿Necesitas mÃ¡s informaciÃ³n?",4
Â¿CÃ³mo me inscribo en las clases de entrenamiento funcional?,"Â¡Hola! Puedes inscribirte descargando la app BoxMagic en tu celular o visitando https://auth.boxmagic.cl/. ğŸ“² Luego, busca nuestro centro y podrÃ¡s agendar tus clases. ğŸ‹ï¸â€â™€ï¸ Si tienes alguna duda durante el proceso, estoy aquÃ­ para ayudarte.","Â¡Hola! ğŸ˜Š Puedes inscribirte descargando la app BoxMagic en tu celular o visitando https://auth.boxmagic.cl/. ğŸ“² Busca nuestro centro y podrÃ¡s agendar tus clases. Si necesitas ayuda, estoy aquÃ­ para ayudarte. ğŸ’ª",5,"Â¡Hola! ğŸ’ª Puedes inscribirte descargando la app BoxMagic en tu celular o visitando https://auth.boxmagic.cl/. ğŸ“² Si necesitas ayuda durante el proceso, estoy aquÃ­ para ayudarte. Â¿Necesitas mÃ¡s informaciÃ³n?",4
Â¿CÃ³mo me inscribo en las clases de entrenamiento funcional?,"Â¡Hola! Puedes inscribirte descargando la app BoxMagic en tu celular o visitando https://auth.boxmagic.cl/. ğŸ“² Luego, busca nuestro centro y podrÃ¡s agendar tus clases. ğŸ‹ï¸â€â™€ï¸ Si tienes alguna duda durante el proceso, estoy aquÃ­ para ayudarte.","Â¡Hola! ğŸ˜Š Puedes inscribirte descargando la app BoxMagic en tu celular o visitando https://auth.boxmagic.cl/. ğŸ“² Busca nuestro centro y podrÃ¡s agendar tus clases. Si necesitas ayuda, aquÃ­ estoy. Â¡Ã‰xito! ğŸ’ª",5,"Â¡Hola! ğŸ’ª Puedes inscribirte descargando la app BoxMagic en tu celular o visitando https://auth.boxmagic.cl/. ğŸ“² Si necesitas ayuda durante el proceso, estoy aquÃ­ para ayudarte. Â¿Necesitas mÃ¡s informaciÃ³n?",4
Â¿CÃ³mo me inscribo en las clases de entrenamiento funcional?,"Â¡Hola! Puedes inscribirte descargando la app BoxMagic en tu celular o visitando https://auth.boxmagic.cl/. ğŸ“² Luego, busca nuestro centro y podrÃ¡s agendar tus clases. ğŸ‹ï¸â€â™€ï¸ Si tienes alguna duda durante el proceso, estoy aquÃ­ para ayudarte.","Â¡Hola! ğŸ˜Š Puedes inscribirte descargando la app BoxMagic en tu celular o visitando https://auth.boxmagic.cl/. ğŸ“² Busca nuestro centro y podrÃ¡s agendar tus clases. Si necesitas ayuda, aquÃ­ estoy. Â¡Saludos! ğŸ’ª",5,"Â¡Hola! ğŸ’ª Puedes inscribirte descargando la app BoxMagic en tu celular o visitando https://auth.boxmagic.cl/. ğŸ“² Si necesitas ayuda durante el proceso, estoy aquÃ­ para ayudarte. Â¿Necesitas algo mÃ¡s?",5
"Quiero empezar a entrenar con ustedes, Â¿cÃ³mo agendo una clase?","Â¡Genial! ğŸ‰ Agenda tu clase de prueba gratuita aquÃ­: ğŸ“² https://boxmagic.cl/sp/HouseofSpencer24. TambiÃ©n puedes descargar la app BoxMagic o visitar https://auth.boxmagic.cl/ para agendar tus clases de entrenamiento funcional. ğŸ’ª Si necesitas mÃ¡s informaciÃ³n, no dudes en preguntar.",Â¡Hola! ğŸ‰ Puedes agendar tu clase de prueba gratuita aquÃ­: ğŸ“² https://boxmagic.cl/sp/HouseofSpencer24. TambiÃ©n puedes descargar la app BoxMagic o visitar https://auth.boxmagic.cl/ para agendar tus clases de entrenamiento funcional. ğŸ’ª Â¿Necesitas mÃ¡s informaciÃ³n?,5,"Â¡Genial! ğŸ‰ Agenda tu clase de prueba gratuita aquÃ­: ğŸ“² https://boxmagic.cl/sp/HouseofSpencer24. TambiÃ©n puedes descargar la app BoxMagic o visitar https://auth.boxmagic.cl/ para agendar tus clases. ğŸ’ª Si necesitas mÃ¡s informaciÃ³n, no dudes en preguntar.",5
"Quiero empezar a entrenar con ustedes, Â¿cÃ³mo agendo una clase?","Â¡Genial! ğŸ‰ Agenda tu clase de prueba gratuita aquÃ­: ğŸ“² https://boxmagic.cl/sp/HouseofSpencer24. TambiÃ©n puedes descargar la app BoxMagic o visitar https://auth.boxmagic.cl/ para agendar tus clases de entrenamiento funcional. ğŸ’ª Si necesitas mÃ¡s informaciÃ³n, no dudes en preguntar.","Â¡Genial! ğŸ‰ Puedes agendar tu clase de prueba gratuita aquÃ­: ğŸ“² https://boxmagic.cl/sp/HouseofSpencer24. TambiÃ©n puedes descargar la app BoxMagic o visitar https://auth.boxmagic.cl/ para agendar tus clases de entrenamiento funcional. ğŸ’ª Si necesitas mÃ¡s informaciÃ³n, no dudes en preguntar.",5,"Â¡Genial! ğŸ‰ Agenda tu clase de prueba gratuita aquÃ­: ğŸ“² https://boxmagic.cl/sp/HouseofSpencer24. TambiÃ©n puedes descargar la app BoxMagic o visitar https://auth.boxmagic.cl/ para agendar tus clases. ğŸ’ª Si necesitas mÃ¡s informaciÃ³n, no dudes en preguntar.",5
"Quiero empezar a entrenar con ustedes, Â¿cÃ³mo agendo una clase?","Â¡Genial! ğŸ‰ Agenda tu clase de prueba gratuita aquÃ­: ğŸ“² https://boxmagic.cl/sp/HouseofSpencer24. TambiÃ©n puedes descargar la app BoxMagic o visitar https://auth.boxmagic.cl/ para agendar tus clases de entrenamiento funcional. ğŸ’ª Si necesitas mÃ¡s informaciÃ³n, no dudes en preguntar.","Â¡Genial! ğŸ‰ Puedes agendar tu clase de prueba gratuita aquÃ­: ğŸ“² https://boxmagic.cl/sp/HouseofSpencer24. TambiÃ©n puedes descargar la app BoxMagic o visitar https://auth.boxmagic.cl/ para agendar tus clases de entrenamiento funcional. ğŸ’ª Si necesitas mÃ¡s informaciÃ³n, no dudes en preguntar.",5,"Â¡Genial! ğŸ‰ Agenda tu clase de prueba gratuita aquÃ­: ğŸ“² https://boxmagic.cl/sp/HouseofSpencer24. TambiÃ©n puedes descargar la app BoxMagic o visitar https://auth.boxmagic.cl/ para agendar tus clases. ğŸ’ª Si necesitas mÃ¡s informaciÃ³n, no dudes en preguntar.",5
"Quiero empezar a entrenar con ustedes, Â¿cÃ³mo agendo una clase?","Â¡Genial! ğŸ‰ Agenda tu clase de prueba gratuita aquÃ­: ğŸ“² https://boxmagic.cl/sp/HouseofSpencer24. TambiÃ©n puedes descargar la app BoxMagic o visitar https://auth.boxmagic.cl/ para agendar tus clases de entrenamiento funcional. ğŸ’ª Si necesitas mÃ¡s informaciÃ³n, no dudes en preguntar.","Â¡Genial! ğŸ‰ Puedes agendar tu clase de prueba gratuita aquÃ­: ğŸ“² https://boxmagic.cl/sp/HouseofSpencer24. TambiÃ©n puedes descargar la app BoxMagic o visitar https://auth.boxmagic.cl/ para agendar tus clases de entrenamiento funcional. ğŸ’ª Si necesitas mÃ¡s informaciÃ³n, no dudes en preguntar.",5,"Â¡Genial! ğŸ‰ Agenda tu clase de prueba gratuita aquÃ­: ğŸ“² https://boxmagic.cl/sp/HouseofSpencer24. TambiÃ©n puedes descargar la app BoxMagic o visitar https://auth.boxmagic.cl/ para agendar tus clases de entrenamiento funcional. ğŸ’ª Si necesitas mÃ¡s informaciÃ³n, no dudes en preguntar.",5
Â¿CÃ³mo puedo pagar por un masaje o una consulta de nutriciÃ³n?,"Â¡Hola! ğŸ˜Š Para pagar por nuestros servicios de masajes o nutriciÃ³n, visita nuestro enlace en AgendaPro: https://houseofspencer.site.agendapro.com/cl/sucursal/165852. AhÃ­ podrÃ¡s seleccionar el servicio y realizar el pago. ğŸ’³ Â¿Puedo ayudarte con algo mÃ¡s?","Â¡Hola! ğŸ˜Š Para pagar por nuestros servicios de masajes o nutriciÃ³n, visita este enlace en AgendaPro: https://houseofspencer.site.agendapro.com/cl/sucursal/165852. AhÃ­ podrÃ¡s seleccionar el servicio y realizar el pago. ğŸ’³ Â¿Puedo ayudarte con algo mÃ¡s?",5,"Â¡Hola! ğŸ˜Š Para pagar por nuestros servicios de masajes o nutriciÃ³n, visita nuestro enlace en AgendaPro: https://houseofspencer.site.agendapro.com/cl/sucursal/165852. AhÃ­ podrÃ¡s seleccionar el servicio y realizar el pago. ğŸ’³ Â¿Puedo ayudarte con algo mÃ¡s?",5
Â¿CÃ³mo puedo pagar por un masaje o una consulta de nutriciÃ³n?,"Â¡Hola! ğŸ˜Š Para pagar por nuestros servicios de masajes o nutriciÃ³n, visita nuestro enlace en AgendaPro: https://houseofspencer.site.agendapro.com/cl/sucursal/165852. AhÃ­ podrÃ¡s seleccionar el servicio y realizar el pago. ğŸ’³ Â¿Puedo ayudarte con algo mÃ¡s?","Â¡Hola! ğŸ˜Š Para pagar por nuestros servicios de masajes o nutriciÃ³n, visita este enlace en AgendaPro: https://houseofspencer.site.agendapro.com/cl/sucursal/165852. AhÃ­ podrÃ¡s seleccionar el servicio y realizar el pago. ğŸ’³ Â¿Puedo ayudarte con algo mÃ¡s?",5,"Â¡Hola! ğŸ˜Š Para pagar por nuestros servicios de masajes o nutriciÃ³n, visita nuestro enlace en AgendaPro: https://houseofspencer.site.agendapro.com/cl/sucursal/165852. ğŸ’³ Â¿Puedo ayudarte con algo mÃ¡s?",5
Â¿CÃ³mo puedo pagar por un masaje o una consulta de nutriciÃ³n?,"Â¡Hola! ğŸ˜Š Para pagar por nuestros servicios de masajes o nutriciÃ³n, visita nuestro enlace en AgendaPro: https://houseofspencer.site.agendapro.com/cl/sucursal/165852. AhÃ­ podrÃ¡s seleccionar el servicio y realizar el pago. ğŸ’³ Â¿Puedo ayudarte con algo mÃ¡s?","Â¡Hola! ğŸ˜Š Para pagar por nuestros servicios de masajes o nutriciÃ³n, visita este enlace en AgendaPro: https://houseofspencer.site.agendapro.com/cl/sucursal/165852. AhÃ­ podrÃ¡s seleccionar el servicio y realizar el pago. ğŸ’³ Â¿Puedo ayudarte con algo mÃ¡s?",5,"Â¡Hola! ğŸ˜Š Para pagar por nuestros servicios de masajes o nutriciÃ³n, visita nuestro enlace en AgendaPro: https://houseofspencer.site.agendapro.com/cl/sucursal/165852. AhÃ­ podrÃ¡s seleccionar el servicio y realizar el pago. ğŸ’³ Â¿Puedo ayudarte con algo mÃ¡s?",5
Â¿CÃ³mo puedo pagar por un masaje o una consulta de nutriciÃ³n?,"Â¡Hola! ğŸ˜Š Para pagar por nuestros servicios de masajes o nutriciÃ³n, visita nuestro enlace en AgendaPro: https://houseofspencer.site.agendapro.com/cl/sucursal/165852. AhÃ­ podrÃ¡s seleccionar el servicio y realizar el pago. ğŸ’³ Â¿Puedo ayudarte con algo mÃ¡s?","Â¡Hola! ğŸ˜Š Para pagar por nuestros servicios de masajes o nutriciÃ³n, visita nuestro enlace en AgendaPro: https://houseofspencer.site.agendapro.com/cl/sucursal/165852. AhÃ­ podrÃ¡s seleccionar el servicio y realizar el pago. ğŸ’³ Â¿Puedo ayudarte con algo mÃ¡s?",5,"Â¡Hola! ğŸ˜Š Para pagar por nuestros servicios de masajes o nutriciÃ³n, visita nuestro enlace en AgendaPro: https://houseofspencer.site.agendapro.com/cl/sucursal/165852. AhÃ­ podrÃ¡s seleccionar el servicio y realizar el pago. ğŸ’³ Â¿Puedo ayudarte con algo mÃ¡s?",5
"Estoy interesado en sus servicios de nutriciÃ³n, Â¿dÃ³nde puedo agendar y pagar?","Â¡Excelente! ğŸ Puedes agendar y pagar por nuestros servicios de nutriciÃ³n a travÃ©s de este enlace: https://houseofspencer.site.agendapro.com/cl/sucursal/165852. Si tienes alguna pregunta adicional, estoy aquÃ­ para ayudarte. ğŸ˜Š","Â¡Hola! ğŸ˜Š Puedes agendar y pagar por nuestros servicios de nutriciÃ³n aquÃ­: https://houseofspencer.site.agendapro.com/cl/sucursal/165852. Si necesitas mÃ¡s informaciÃ³n, estoy aquÃ­ para ayudarte. ğŸ",5,"Â¡Excelente! ğŸ Puedes agendar y pagar por nuestros servicios de nutriciÃ³n a travÃ©s de este enlace: https://houseofspencer.site.agendapro.com/cl/sucursal/165852. Si necesitas ayuda con algo mÃ¡s, no dudes en decirlo. ğŸ˜Š",5
"Estoy interesado en sus servicios de nutriciÃ³n, Â¿dÃ³nde puedo agendar y pagar?","Â¡Excelente! ğŸ Puedes agendar y pagar por nuestros servicios de nutriciÃ³n a travÃ©s de este enlace: https://houseofspencer.site.agendapro.com/cl/sucursal/165852. Si tienes alguna pregunta adicional, estoy aquÃ­ para ayudarte. ğŸ˜Š","Â¡Hola! ğŸ˜Š Puedes agendar y pagar por nuestros servicios de nutriciÃ³n a travÃ©s de este enlace: https://houseofspencer.site.agendapro.com/cl/sucursal/165852. Si tienes mÃ¡s preguntas, aquÃ­ estoy para ayudarte. ğŸ",5,"Â¡Excelente! ğŸ Puedes agendar y pagar por nuestros servicios de nutriciÃ³n a travÃ©s de este enlace: https://houseofspencer.site.agendapro.com/cl/sucursal/165852. Si tienes alguna pregunta adicional, estoy aquÃ­ para ayudarte. ğŸ˜Š",5
"Estoy interesado en sus servicios de nutriciÃ³n, Â¿dÃ³nde puedo agendar y pagar?","Â¡Excelente! ğŸ Puedes agendar y pagar por nuestros servicios de nutriciÃ³n a travÃ©s de este enlace: https://houseofspencer.site.agendapro.com/cl/sucursal/165852. Si tienes alguna pregunta adicional, estoy aquÃ­ para ayudarte. ğŸ˜Š","Â¡Hola! ğŸ Puedes agendar y pagar por nuestros servicios de nutriciÃ³n a travÃ©s de este enlace: https://houseofspencer.site.agendapro.com/cl/sucursal/165852. Si tienes alguna pregunta adicional, estoy aquÃ­ para ayudarte. ğŸ˜Š",5,"Â¡Excelente! ğŸ Puedes agendar y pagar por nuestros servicios de nutriciÃ³n a travÃ©s de este enlace: https://houseofspencer.site.agendapro.com/cl/sucursal/165852. Si tienes alguna pregunta adicional, estoy aquÃ­ para ayudarte. ğŸ˜Š",5
"Estoy interesado en sus servicios de nutriciÃ³n, Â¿dÃ³nde puedo agendar y pagar?","Â¡Excelente! ğŸ Puedes agendar y pagar por nuestros servicios de nutriciÃ³n a travÃ©s de este enlace: https://houseofspencer.site.agendapro.com/cl/sucursal/165852. Si tienes alguna pregunta adicional, estoy aquÃ­ para ayudarte. ğŸ˜Š","Â¡Hola! ğŸ˜Š Puedes agendar y pagar por nuestros servicios de nutriciÃ³n a travÃ©s de este enlace: https://houseofspencer.site.agendapro.com/cl/sucursal/165852. Si tienes alguna pregunta adicional, estoy aquÃ­ para ayudarte. ğŸ",5,"Â¡Excelente! ğŸ Puedes agendar y pagar por nuestros servicios de nutriciÃ³n a travÃ©s de este enlace: https://houseofspencer.site.agendapro.com/cl/sucursal/165852. Si tienes alguna pregunta adicional, estoy aquÃ­ para ayudarte. ğŸ˜Š",5
Â¿Entregan un reporte por cada sesiÃ³n para poder reembolsar a la Isapre?,"Â¡Hola! ğŸ˜Š No entregamos un reporte por sesiÃ³n, pero nuestra boleta de servicios puede te permite reembolsar. Cuentanos si necesitas detallar el tipo de sesiones realizadas para facilitar tu reembolso con la Isapre. Contactanos directamente a https://walink.co/83468b para poder ayudarte mejor ğŸ“ Â¿Te ayudo con algo mÃ¡s?","Â¡Hola! ğŸ˜Š No entregamos un reporte por sesiÃ³n, pero nuestra boleta de servicios puede ayudarte a reembolsar. Si necesitas detallar el tipo de sesiones, contÃ¡ctanos directamente a https://walink.co/83468b. ğŸ“ Â¿Te ayudo con algo mÃ¡s?",4,"Â¡Hola! ğŸ˜Š No entregamos un reporte por sesiÃ³n, pero nuestra boleta de servicios te permite reembolsar. Cuentanos si necesitas detallar el tipo de sesiones realizadas para facilitar tu reembolso con la Isapre. Contactanos directamente a https://walink.co/83468b para poder ayudarte mejor ğŸ“ Â¿Te ayudo con algo mÃ¡s?",4
Â¿Entregan un reporte por cada sesiÃ³n para poder reembolsar a la Isapre?,"Â¡Hola! ğŸ˜Š No entregamos un reporte por sesiÃ³n, pero nuestra boleta de servicios puede te permite reembolsar. Cuentanos si necesitas detallar el tipo de sesiones realizadas para facilitar tu reembolso con la Isapre. Contactanos directamente a https://walink.co/83468b para poder ayudarte mejor ğŸ“ Â¿Te ayudo con algo mÃ¡s?","Â¡Hola! ğŸ˜Š No entregamos un reporte por sesiÃ³n, pero nuestra boleta de servicios te permite reembolsar. Si necesitas mÃ¡s detalles para facilitar tu reembolso, contÃ¡ctanos directamente a https://walink.co/83468b. Â¿Te ayudo con algo mÃ¡s?",4,"Â¡Hola! ğŸ˜Š No entregamos un reporte por sesiÃ³n, pero nuestra boleta de servicios te permite reembolsar. Cuentanos si necesitas detallar el tipo de sesiones realizadas para facilitar tu reembolso con la Isapre. Contactanos directamente a https://walink.co/83468b para poder ayudarte mejor ğŸ“ Â¿Te ayudo con algo mÃ¡s?",4
Â¿Entregan un reporte por cada sesiÃ³n para poder reembolsar a la Isapre?,"Â¡Hola! ğŸ˜Š No entregamos un reporte por sesiÃ³n, pero nuestra boleta de servicios puede te permite reembolsar. Cuentanos si necesitas detallar el tipo de sesiones realizadas para facilitar tu reembolso con la Isapre. Contactanos directamente a https://walink.co/83468b para poder ayudarte mejor ğŸ“ Â¿Te ayudo con algo mÃ¡s?","Â¡Hola! ğŸ˜Š No entregamos un reporte por sesiÃ³n, pero nuestra boleta de servicios te permite reembolsar. Si necesitas detalles especÃ­ficos para facilitar tu reembolso, contÃ¡ctanos directamente a https://walink.co/83468b. Â¿Te ayudo con algo mÃ¡s? ğŸ“",4,"Â¡Hola! ğŸ˜Š No entregamos un reporte por sesiÃ³n, pero nuestra boleta de servicios te permite reembolsar. Cuentanos si necesitas detallar el tipo de sesiones realizadas para facilitar tu reembolso con la Isapre. Contactanos directamente a https://walink.co/83468b para poder ayudarte mejor ğŸ“ Â¿Te ayudo con algo mÃ¡s?",4
Â¿Entregan un reporte por cada sesiÃ³n para poder reembolsar a la Isapre?,"Â¡Hola! ğŸ˜Š No entregamos un reporte por sesiÃ³n, pero nuestra boleta de servicios puede te permite reembolsar. Cuentanos si necesitas detallar el tipo de sesiones realizadas para facilitar tu reembolso con la Isapre. Contactanos directamente a https://walink.co/83468b para poder ayudarte mejor ğŸ“ Â¿Te ayudo con algo mÃ¡s?","Â¡Hola! ğŸ˜Š No entregamos un reporte por sesiÃ³n, pero nuestra boleta de servicios te permite reembolsar. Si necesitas detalles sobre las sesiones, contÃ¡ctanos a https://walink.co/83468b. ğŸ“ Â¿Te ayudo con algo mÃ¡s?",4,"Â¡Hola! ğŸ˜Š No entregamos un reporte por sesiÃ³n, pero nuestra boleta de servicios te permite reembolsar. Cuentanos si necesitas detallar el tipo de sesiones realizadas para facilitar tu reembolso con la Isapre. Contactanos directamente a https://walink.co/83468b para poder ayudarte mejor ğŸ“ Â¿Te ayudo con algo mÃ¡s?",4
Â¿Consulta y a todas las personas de la clase se les hace los mismos ejercicios? O cÃ³mo funcionan??,"Todos nuestros profes son kinesiÃ³logos ğŸ’ª, por lo que podemos adaptar las rutinas a la realidad de cada uno.","Â¡Hola! ğŸ˜Š Todos nuestros profes son kinesiÃ³logos ğŸ’ª, por lo que adaptamos las rutinas a la realidad de cada uno. Las clases son semi personalizadas, lo que permite ajustar los ejercicios segÃºn tus necesidades. Â¿Te gustarÃ­a agendar una clase de prueba?",5,"Â¡Hola! ğŸ˜Š No todas las personas de la clase hacen los mismos ejercicios. Todos nuestros profes son kinesiÃ³logos ğŸ’ª, por lo que podemos adaptar las rutinas a la realidad de cada alumno. AsÃ­ aseguramos que todos trabajen de acuerdo a su nivel y objetivos. Â¿Te gustarÃ­a venir a una de nuestras clases de prueba gratuita? Agenda aquÃ­: ğŸ“² https://boxmagic.cl/sp/HouseofSpencer24 Â¿Necesitas mÃ¡s informaciÃ³n?",5
Â¿Consulta y a todas las personas de la clase se les hace los mismos ejercicios? O cÃ³mo funcionan??,"Todos nuestros profes son kinesiÃ³logos ğŸ’ª, por lo que podemos adaptar las rutinas a la realidad de cada uno.","Â¡Hola! ğŸ˜Š En nuestras clases, todos nuestros profes son kinesiÃ³logos ğŸ’ª, por lo que podemos adaptar las rutinas a la realidad de cada participante. AsÃ­, cada uno trabaja segÃºn sus necesidades y capacidades. Â¿Te gustarÃ­a mÃ¡s informaciÃ³n?",5,"Â¡Hola! ğŸ˜Š Todos nuestros alumnos entrenan juntos, pero como todas nuestras clases son realizadas por kinesiÃ³logos ğŸ’ª, podemos adaptar las rutinas a la realidad de cada uno. Â¿Te gustarÃ­a venir a una de nuestras clases de prueba gratuita? Agenda aquÃ­: ğŸ“² https://boxmagic.cl/sp/HouseofSpencer24",4
Â¿Consulta y a todas las personas de la clase se les hace los mismos ejercicios? O cÃ³mo funcionan??,"Todos nuestros profes son kinesiÃ³logos ğŸ’ª, por lo que podemos adaptar las rutinas a la realidad de cada uno.","Â¡Hola! ğŸ˜Š En nuestras clases, los ejercicios se adaptan a las necesidades de cada persona. Nuestros profes, todos kinesiÃ³logos, personalizan las rutinas para cada alumno. ğŸ’ª Â¿Te gustarÃ­a saber mÃ¡s?",5,"Â¡Hola! ğŸ˜Š Todas nuestras clases son semi-personalizadas. Esto significa que aunque todos los alumnos de la clase realizan ejercicios diferentes, estÃ¡n alineados con un mismo objetivo. ğŸ’ª Como todas nuestras clases son realizadas por kinesiÃ³logos, podemos adaptar las rutinas a la realidad de cada uno. ğŸš‘ Â¿Te gustarÃ­a venir a una de nuestras clases de prueba gratuita? Agenda aquÃ­: ğŸ“² https://boxmagic.cl/sp/HouseofSpencer24 Â¿Necesitas mÃ¡s informaciÃ³n?",4
Â¿Consulta y a todas las personas de la clase se les hace los mismos ejercicios? O cÃ³mo funcionan??,"Todos nuestros profes son kinesiÃ³logos ğŸ’ª, por lo que podemos adaptar las rutinas a la realidad de cada uno.","Â¡Hola! ğŸ˜Š Todos nuestros profes son kinesiÃ³logos ğŸ’ª, por lo que podemos adaptar las rutinas a la realidad de cada uno. Cada clase es semi personalizada, ajustÃ¡ndose a las necesidades de los participantes. Â¿Te gustarÃ­a saber mÃ¡s?",5,"Â¡Hola! ğŸ˜Š No todas las personas hacen los mismos ejercicios. Todos nuestros alumnos tienen diferentes niveles y objetivos, por lo que nuestras rutinas son adaptadas a la realidad de cada uno. ğŸ’ª Â¿Te gustarÃ­a venir a una de nuestras clases de prueba gratuita para experimentar cÃ³mo trabajamos? Agenda aquÃ­: ğŸ“² https://boxmagic.cl/sp/HouseofSpencer24",5
"Hi, do you offer trial classes to get to know your services?",Hi there! ğŸ˜Š Absolutely! You can book your free trial class here: ğŸ“² https://boxmagic.cl/sp/HouseofSpencer24. Let me know if you need any help!,Hi there! ğŸ˜Š Absolutely! You can book your free trial class here: ğŸ“² https://boxmagic.cl/sp/HouseofSpencer24. Let me know if you need any help!,5,Hi there! ğŸ˜Š Absolutely! You can book your free trial class here: ğŸ“² https://boxmagic.cl/sp/HouseofSpencer24. Let me know if you need any help!,5
"Hi, do you offer trial classes to get to know your services?",Hi there! ğŸ˜Š Absolutely! You can book your free trial class here: ğŸ“² https://boxmagic.cl/sp/HouseofSpencer24. Let me know if you need any help!,Hi there! ğŸ˜Š Absolutely! You can book your free trial class here: ğŸ“² https://boxmagic.cl/sp/HouseofSpencer24. Let me know if you need any help!,5,Hi there! ğŸ˜Š Absolutely! You can book your free trial class here: ğŸ“² https://boxmagic.cl/sp/HouseofSpencer24. Let me know if you need any help!,5
"Hi, do you offer trial classes to get to know your services?",Hi there! ğŸ˜Š Absolutely! You can book your free trial class here: ğŸ“² https://boxmagic.cl/sp/HouseofSpencer24. Let me know if you need any help!,Hi there! ğŸ˜Š Absolutely! You can book your free trial class here: ğŸ“² https://boxmagic.cl/sp/HouseofSpencer24. Let me know if you need any help!,5,Hi there! ğŸ˜Š Absolutely! You can book your free trial class here: ğŸ“² https://boxmagic.cl/sp/HouseofSpencer24. Let me know if you need any help!,5
"Hi, do you offer trial classes to get to know your services?",Hi there! ğŸ˜Š Absolutely! You can book your free trial class here: ğŸ“² https://boxmagic.cl/sp/HouseofSpencer24. Let me know if you need any help!,Hi there! ğŸ˜Š Absolutely! You can book your free trial class here: ğŸ“² https://boxmagic.cl/sp/HouseofSpencer24. Let me know if you need any help!,5,Hi there! ğŸ˜Š Absolutely! You can book your free trial class here: ğŸ“² https://boxmagic.cl/sp/HouseofSpencer24. Let me know if you need any help!,5
How much do the classes cost?,"Hey! ğŸ’ª Our classes cost $120,000 CLP for 10 sessions and $220,000 CLP for 20 sessions. ğŸ‹ï¸â€â™‚ï¸ The plans last for 2 months. Do you need more information?","Hey! ğŸ’ª Our classes cost $120,000 CLP for 10 sessions and $220,000 CLP for 20 sessions. ğŸ‹ï¸\u200dâ™‚ï¸ The plans last for 2 months. Do you need more information?",5,"Hey! ğŸ’ª Our classes cost $120,000 CLP for 10 sessions and $220,000 CLP for 20 sessions. ğŸ‹ï¸\u200dâ™‚ï¸ The plans last for 2 months. Do you need more information?",5
How much do the classes cost?,"Hey! ğŸ’ª Our classes cost $120,000 CLP for 10 sessions and $220,000 CLP for 20 sessions. ğŸ‹ï¸â€â™‚ï¸ The plans last for 2 months. Do you need more information?","Hey! ğŸ’ª Our classes cost $120,000 CLP for 10 sessions and $220,000 CLP for 20 sessions. ğŸ‹ï¸\u200dâ™‚ï¸ The plans last for 2 months. Do you need more information?",5,"Hey! ğŸ’ª Our classes cost $120,000 CLP for 10 sessions and $220,000 CLP for 20 sessions. ğŸ‹ï¸\u200dâ™‚ï¸ The plans last for 2 months. Do you need more information?",5
How much do the classes cost?,"Hey! ğŸ’ª Our classes cost $120,000 CLP for 10 sessions and $220,000 CLP for 20 sessions. ğŸ‹ï¸â€â™‚ï¸ The plans last for 2 months. Do you need more information?","Hey! ğŸ’ª Our classes cost $120,000 CLP for 10 sessions and $220,000 CLP for 20 sessions. ğŸ‹ï¸\u200dâ™‚ï¸ The plans last for 2 months. Do you need more information?",5,"Hey! ğŸ’ª Our classes cost $120,000 CLP for 10 sessions and $220,000 CLP for 20 sessions. ğŸ‹ï¸\u200dâ™‚ï¸ The plans last for 2 months. Do you need more information?",5
How much do the classes cost?,"Hey! ğŸ’ª Our classes cost $120,000 CLP for 10 sessions and $220,000 CLP for 20 sessions. ğŸ‹ï¸â€â™‚ï¸ The plans last for 2 months. Do you need more information?","Hey! ğŸ’ª Our classes cost $120,000 CLP for 10 sessions and $220,000 CLP for 20 sessions. ğŸ‹ï¸\u200dâ™‚ï¸ The plans last for 2 months. Do you need more information?",5,"Hey! ğŸ’ª Our classes cost $120,000 CLP for 10 sessions and $220,000 CLP for 20 sessions. ğŸ‹ï¸\u200dâ™‚ï¸ The plans last for 2 months. Do you need more information?",5
Can I schedule classes through an app?,Yes! ğŸ“² You can schedule your classes using the BoxMagic app or by visiting https://auth.boxmagic.cl/. It\'s quick and easy! Let me know if you need assistance.,"TextContentBlock(text=Text(annotations=[], value=""Yes! ğŸ“² You can schedule your classes using the BoxMagic app or by visiting https://auth.boxmagic.cl/. It's quick and easy! Let me know if you need assistance.""), type='text')",5,"TextContentBlock(text=Text(annotations=[], value=""Yes! ğŸ“² You can schedule your classes using the BoxMagic app or by visiting https://auth.boxmagic.cl/. It's quick and easy! Let me know if you need assistance.""), type='text')",5
Can I schedule classes through an app?,Yes! ğŸ“² You can schedule your classes using the BoxMagic app or by visiting https://auth.boxmagic.cl/. It\'s quick and easy! Let me know if you need assistance.,"TextContentBlock(text=Text(annotations=[], value=""Yes! ğŸ“² You can schedule your classes using the BoxMagic app or by visiting https://auth.boxmagic.cl/. It's quick and easy! Let me know if you need assistance.""), type='text')",5,"TextContentBlock(text=Text(annotations=[], value=""Yes! ğŸ“² You can schedule your classes using the BoxMagic app or by visiting https://auth.boxmagic.cl/. It's quick and easy! Let me know if you need assistance.""), type='text')",5
Can I schedule classes through an app?,Yes! ğŸ“² You can schedule your classes using the BoxMagic app or by visiting https://auth.boxmagic.cl/. It\'s quick and easy! Let me know if you need assistance.,"TextContentBlock(text=Text(annotations=[], value=""Yes! ğŸ“² You can schedule your classes using the BoxMagic app or by visiting https://auth.boxmagic.cl/. It's quick and easy! Let me know if you need assistance.""), type='text')",5,"TextContentBlock(text=Text(annotations=[], value=""Yes! ğŸ“² You can schedule your classes using the BoxMagic app or by visiting https://auth.boxmagic.cl/. It's quick and easy! Let me know if you need assistance.""), type='text')",5
Can I schedule classes through an app?,Yes! ğŸ“² You can schedule your classes using the BoxMagic app or by visiting https://auth.boxmagic.cl/. It\'s quick and easy! Let me know if you need assistance.,"TextContentBlock(text=Text(annotations=[], value=""Yes! ğŸ“² You can schedule your classes using the BoxMagic app or by visiting https://auth.boxmagic.cl/. It's quick and easy! Let me know if you need assistance.""), type='text')",5,"TextContentBlock(text=Text(annotations=[], value=""Yes! ğŸ“² You can schedule your classes using the BoxMagic app or by visiting https://auth.boxmagic.cl/. It's quick and easy! Let me know if you need assistance.""), type='text')",5
Do you have services in nutrition?,"Absolutely! ğŸ You can book our nutrition services here: https://houseofspencer.site.agendapro.com/cl/sucursal/165852. If you have any questions, feel free to ask!","Absolutely! ğŸ You can book our nutrition services here: https://houseofspencer.site.agendapro.com/cl/sucursal/165852. If you have any questions, feel free to ask!",5,"Absolutely! ğŸ We offer various nutrition services. You can book nuestra consulta nutricional, mediciÃ³n antropomÃ©trica, pauta de alimentaciÃ³n y seguimiento. ğŸ“ Â¿Necesitas mÃ¡s informaciÃ³n sobre algÃºn servicio en particular?",4
Do you have services in nutrition?,"Absolutely! ğŸ You can book our nutrition services here: https://houseofspencer.site.agendapro.com/cl/sucursal/165852. If you have any questions, feel free to ask!","Absolutely! ğŸ You can book our nutrition services here: https://houseofspencer.site.agendapro.com/cl/sucursal/165852. If you have any questions, feel free to ask!",5,"Absolutely! ğŸ We offer various nutrition services, including consultations and meal plans. You can book our nutrition services here: https://houseofspencer.site.agendapro.com/cl/sucursal/165852. If you have any questions, feel free to ask!",5
Do you have services in nutrition?,"Absolutely! ğŸ You can book our nutrition services here: https://houseofspencer.site.agendapro.com/cl/sucursal/165852. If you have any questions, feel free to ask!","Absolutely! ğŸ You can book our nutrition services here: https://houseofspencer.site.agendapro.com/cl/sucursal/165852. If you have any questions, feel free to ask!",5,"Absolutely! ğŸ We offer various nutrition services. You can book our nutrition services here: https://houseofspencer.site.agendapro.com/cl/sucursal/165852. If you have any questions, feel free to ask!",5
Do you have services in nutrition?,"Absolutely! ğŸ You can book our nutrition services here: https://houseofspencer.site.agendapro.com/cl/sucursal/165852. If you have any questions, feel free to ask!","Absolutely! ğŸ You can book our nutrition services here: https://houseofspencer.site.agendapro.com/cl/sucursal/165852. If you have any questions, feel free to ask!",5,"Absolutely! ğŸ We offer a variety of nutrition services. You can book our nutrition services here: https://houseofspencer.site.agendapro.com/cl/sucursal/165852. If you have any questions, feel free to ask!",5
Are your prices in US dollars?,"Our prices are in Chilean pesos (CLP). ğŸ’° For example, 10 sessions cost $120,000 CLP. Let me know if you need more details!","Our prices are in Chilean pesos (CLP). ğŸ’° For example, 10 sessions cost $120,000 CLP. Let me know if you need more details!",5,"Our prices are in Chilean pesos (CLP). ğŸ’° For example, 10 sessions cost $120,000 CLP. Let me know if you need more details!",5
Are your prices in US dollars?,"Our prices are in Chilean pesos (CLP). ğŸ’° For example, 10 sessions cost $120,000 CLP. Let me know if you need more details!","Our prices are in Chilean pesos (CLP). ğŸ’° For example, 10 sessions cost $120,000 CLP. Let me know if you need more details!",5,"Our prices are in Chilean pesos (CLP). ğŸ’° For example, 10 sessions cost $120,000 CLP. Let me know if you need more details!",5
Are your prices in US dollars?,"Our prices are in Chilean pesos (CLP). ğŸ’° For example, 10 sessions cost $120,000 CLP. Let me know if you need more details!","Our prices are in Chilean pesos (CLP). ğŸ’° For example, 10 sessions cost $120,000 CLP. Let me know if you need more details!",5,"Our prices are in Chilean pesos (CLP). ğŸ’° For example, 10 sessions cost $120,000 CLP. Let me know if you need more details!",5
Are your prices in US dollars?,"Our prices are in Chilean pesos (CLP). ğŸ’° For example, 10 sessions cost $120,000 CLP. Let me know if you need more details!","Our prices are in Chilean pesos (CLP). ğŸ’° For example, 10 sessions cost $120,000 CLP. Let me know if you need more details!",5,"Our prices are in Chilean pesos (CLP). ğŸ’° For example, 10 sessions cost $120,000 CLP. Let me know if you need more details!",5
