question,human_response,Laboratorio Biomed_base_answer,Laboratorio Biomed_base_grade,Laboratorio Biomed_fine_tuned_answer,Laboratorio Biomed_fine_tuned_grade
"Hola, necesito saber el horario de atenciÃ³n de la sucursal Centro en Puerto Montt.","Â¡Hola! El horario de atenciÃ³n de nuestra Sucursal Centro en Puerto Montt (Benavente 474) es de lunes a viernes de 07:30 a 16:30 horas para atenciÃ³n al cliente y hasta las 16:00 horas para toma de muestras. Los sÃ¡bados, atenciÃ³n al cliente de 08:00 a 13:00 y toma de muestras hasta las 12:30. Â¿Puedo ayudarte en algo mÃ¡s? ğŸ˜Š","Â¡Hola! El horario de atenciÃ³n de nuestra Sucursal Centro en Puerto Montt (Benavente 474) es de lunes a viernes de 07:30 a 16:30 horas para atenciÃ³n al cliente y hasta las 16:00 horas para toma de muestras. Los sÃ¡bados, atenciÃ³n al cliente de 08:00 a 13:00 y toma de muestras hasta las 12:30. Â¿Puedo ayudarte en algo mÃ¡s? ğŸ˜Š",5,"Sucursal Centro (Benavente 474): lun a vie toma de muestras 07:30-16:00, atenciÃ³n hasta 16:30; sÃ¡b toma de muestras hasta 12:30, atenciÃ³n hasta 13:00. Â¿Puedo ayudarte en algo mÃ¡s? ğŸ˜Š",5
"Hola, necesito saber el horario de atenciÃ³n de la sucursal Centro en Puerto Montt.","Â¡Hola! El horario de atenciÃ³n de nuestra Sucursal Centro en Puerto Montt (Benavente 474) es de lunes a viernes de 07:30 a 16:30 horas para atenciÃ³n al cliente y hasta las 16:00 horas para toma de muestras. Los sÃ¡bados, atenciÃ³n al cliente de 08:00 a 13:00 y toma de muestras hasta las 12:30. Â¿Puedo ayudarte en algo mÃ¡s? ğŸ˜Š","Â¡Hola! El horario de atenciÃ³n de nuestra Sucursal Centro en Puerto Montt (Benavente 474) es de lunes a viernes de 07:30 a 16:30 horas para atenciÃ³n al cliente y hasta las 16:00 horas para toma de muestras. Los sÃ¡bados, atenciÃ³n al cliente de 08:00 a 13:00 y toma de muestras hasta las 12:30. Â¿Puedo ayudarte en algo mÃ¡s? ğŸ˜Š",5,"Sucursal Centro (Benavente 474): lun a vie toma de muestras 07:30-16:00, atenciÃ³n hasta 16:30; sÃ¡b toma de muestras hasta 12:30, atenciÃ³n hasta 13:00. Â¿Puedo ayudarte en algo mÃ¡s? ğŸ˜Š",5
"Hola, necesito saber el horario de atenciÃ³n de la sucursal Centro en Puerto Montt.","Â¡Hola! El horario de atenciÃ³n de nuestra Sucursal Centro en Puerto Montt (Benavente 474) es de lunes a viernes de 07:30 a 16:30 horas para atenciÃ³n al cliente y hasta las 16:00 horas para toma de muestras. Los sÃ¡bados, atenciÃ³n al cliente de 08:00 a 13:00 y toma de muestras hasta las 12:30. Â¿Puedo ayudarte en algo mÃ¡s? ğŸ˜Š","Â¡Hola! El horario de atenciÃ³n de nuestra Sucursal Centro en Puerto Montt (Benavente 474) es de lunes a viernes de 07:30 a 16:30 horas para atenciÃ³n al cliente y hasta las 16:00 horas para toma de muestras. Los sÃ¡bados, atenciÃ³n al cliente de 08:00 a 13:00 y toma de muestras hasta las 12:30. Â¿Puedo ayudarte en algo mÃ¡s? ğŸ˜Š",5,"Sucursal Centro (Benavente 474): lun a vie toma de muestras 07:30-16:00, atenciÃ³n hasta 16:30; sÃ¡b toma de muestras hasta 12:30, atenciÃ³n hasta 13:00. Â¿Puedo ayudarte en algo mÃ¡s? ğŸ˜Š",5
"Hola, necesito saber el horario de atenciÃ³n de la sucursal Centro en Puerto Montt.","Â¡Hola! El horario de atenciÃ³n de nuestra Sucursal Centro en Puerto Montt (Benavente 474) es de lunes a viernes de 07:30 a 16:30 horas para atenciÃ³n al cliente y hasta las 16:00 horas para toma de muestras. Los sÃ¡bados, atenciÃ³n al cliente de 08:00 a 13:00 y toma de muestras hasta las 12:30. Â¿Puedo ayudarte en algo mÃ¡s? ğŸ˜Š","Â¡Hola! El horario de atenciÃ³n de nuestra Sucursal Centro en Puerto Montt (Benavente 474) es de lunes a viernes de 07:30 a 16:30 horas para atenciÃ³n al cliente y hasta las 16:00 horas para toma de muestras. Los sÃ¡bados, atenciÃ³n al cliente de 08:00 a 13:00 y toma de muestras hasta las 12:30. Â¿Puedo ayudarte en algo mÃ¡s? ğŸ˜Š",5,"Sucursal Centro (Benavente 474): lun a vie toma de muestras 07:30-16:00, atenciÃ³n hasta 16:30; sÃ¡b toma de muestras hasta 12:30, atenciÃ³n hasta 13:00. Â¿Puedo ayudarte en algo mÃ¡s? ğŸ˜Š",5
Quiero agendar una hora con el Dr. RaÃºl Mansilla.,Â¡Claro! Puedes agendar una cita con el Dr. RaÃºl Mansilla a travÃ©s de este enlace: https://8d38a057041999f08f2c133e325c84c029351e63.agenda.softwaremedilink.com/agenda?modalidad=1. ğŸ˜Š,Puedes agendar una cita con el Dr. RaÃºl Mansilla a travÃ©s de este enlace: [Agendar cita](https://8d38a057041999f08f2c133e325c84c029351e63.agenda.softwaremedilink.com/agenda?modalidad=1). ğŸ˜Š,5,Puedes agendar tu consulta con el Dr. RaÃºl Mansilla a travÃ©s de este enlace: https://8d38a057041999f08f2c133e325c84c029351e63.agenda.softwaremedilink.com/agenda?modalidad=1. ğŸ˜Š,5
Quiero agendar una hora con el Dr. RaÃºl Mansilla.,Â¡Claro! Puedes agendar una cita con el Dr. RaÃºl Mansilla a travÃ©s de este enlace: https://8d38a057041999f08f2c133e325c84c029351e63.agenda.softwaremedilink.com/agenda?modalidad=1. ğŸ˜Š,Puedes agendar una cita con el Dr. RaÃºl Mansilla a travÃ©s de este enlace: [Agendar cita](https://8d38a057041999f08f2c133e325c84c029351e63.agenda.softwaremedilink.com/agenda?modalidad=1). ğŸ˜Š,5,Puedes agendar tu hora con el Dr. RaÃºl Mansilla aquÃ­: https://8d38a057041999f08f2c133e325c84c029351e63.agenda.softwaremedilink.com/agenda?modalidad=1. ğŸ˜Š,5
Quiero agendar una hora con el Dr. RaÃºl Mansilla.,Â¡Claro! Puedes agendar una cita con el Dr. RaÃºl Mansilla a travÃ©s de este enlace: https://8d38a057041999f08f2c133e325c84c029351e63.agenda.softwaremedilink.com/agenda?modalidad=1. ğŸ˜Š,Â¡Claro! Puedes agendar una cita con el Dr. RaÃºl Mansilla a travÃ©s de este enlace: [Agendar cita](https://8d38a057041999f08f2c133e325c84c029351e63.agenda.softwaremedilink.com/agenda?modalidad=1). ğŸ˜Š,5,Puedes agendar tu hora con el Dr. RaÃºl Mansilla aquÃ­: https://8d38a057041999f08f2c133e325c84c029351e63.agenda.softwaremedilink.com/agenda?modalidad=1. ğŸ˜Š,5
Quiero agendar una hora con el Dr. RaÃºl Mansilla.,Â¡Claro! Puedes agendar una cita con el Dr. RaÃºl Mansilla a travÃ©s de este enlace: https://8d38a057041999f08f2c133e325c84c029351e63.agenda.softwaremedilink.com/agenda?modalidad=1. ğŸ˜Š,Â¡Claro! Puedes agendar una cita con el Dr. RaÃºl Mansilla a travÃ©s de este enlace: [Agendar cita](https://8d38a057041999f08f2c133e325c84c029351e63.agenda.softwaremedilink.com/agenda?modalidad=1). ğŸ˜Š,5,Puedes agendar tu hora con el Dr. RaÃºl Mansilla a travÃ©s de este enlace: https://8d38a057041999f08f2c133e325c84c029351e63.agenda.softwaremedilink.com/agenda?modalidad=1. ğŸ˜Š,5
Â¿QuÃ© necesito para realizar el examen de glucosa en orina?,"Para conocer los requisitos del examen de glucosa en orina, por favor permÃ­teme consultar la informaciÃ³n. ğŸ˜Š (AquÃ­ se usarÃ­a la funciÃ³n consultar_tabla y se entregarÃ­a la informaciÃ³n resumida)","Realizamos diversos tipos de exÃ¡menes de orina. Para brindarte informaciÃ³n precisa, Â¿podrÃ­as especificar el examen de orina que deseas realizar? ğŸ˜Š",3,"Para conocer los requisitos del examen de glucosa en orina, por favor permÃ­teme consultar la informaciÃ³n. ğŸ˜Š (AquÃ­ se usarÃ­a la funciÃ³n consultar_tabla y se entregarÃ­a la informaciÃ³n resumida)",4
Â¿QuÃ© necesito para realizar el examen de glucosa en orina?,"Para conocer los requisitos del examen de glucosa en orina, por favor permÃ­teme consultar la informaciÃ³n. ğŸ˜Š (AquÃ­ se usarÃ­a la funciÃ³n consultar_tabla y se entregarÃ­a la informaciÃ³n resumida)","Realizamos diversos tipos de exÃ¡menes de orina. Para brindarte informaciÃ³n precisa, Â¿podrÃ­as especificar el examen de orina que deseas realizar? ğŸ˜Š",3,"Para conocer los requisitos del examen de glucosa en orina, por favor permÃ­teme consultar la informaciÃ³n. ğŸ˜Š (AquÃ­ se usarÃ­a la funciÃ³n consultar_tabla y se entregarÃ­a la informaciÃ³n resumida)",4
Â¿QuÃ© necesito para realizar el examen de glucosa en orina?,"Para conocer los requisitos del examen de glucosa en orina, por favor permÃ­teme consultar la informaciÃ³n. ğŸ˜Š (AquÃ­ se usarÃ­a la funciÃ³n consultar_tabla y se entregarÃ­a la informaciÃ³n resumida)","Realizamos diversos tipos de exÃ¡menes de orina. Para brindarte informaciÃ³n precisa, Â¿podrÃ­as especificar el examen de orina que deseas realizar? ğŸ˜Š",3,"Para conocer los requisitos del examen de glucosa en orina, por favor permÃ­teme consultar la informaciÃ³n. ğŸ˜Š (AquÃ­ se usarÃ­a la funciÃ³n consultar_tabla y se entregarÃ­a la informaciÃ³n resumida)",4
Â¿QuÃ© necesito para realizar el examen de glucosa en orina?,"Para conocer los requisitos del examen de glucosa en orina, por favor permÃ­teme consultar la informaciÃ³n. ğŸ˜Š (AquÃ­ se usarÃ­a la funciÃ³n consultar_tabla y se entregarÃ­a la informaciÃ³n resumida)","Realizamos diversos tipos de exÃ¡menes de orina. Para brindarte informaciÃ³n precisa, Â¿podrÃ­as especificar el examen de orina que deseas realizar? ğŸ˜Š",3,"Para conocer los requisitos del examen de glucosa en orina, por favor permÃ­teme consultar la informaciÃ³n. ğŸ˜Š (AquÃ­ se usarÃ­a la funciÃ³n consultar_tabla y se entregarÃ­a la informaciÃ³n resumida)",4
Hola,"Â¡Buen dÃ­a, gracias por comunicarte con Laboratorio ClÃ­nico Biomed! Mi nombre es Emma, soy la asistente virtual ğŸ¤— Â¿CÃ³mo puedo ayudarte hoy? ğŸŒŸ Puedo resolver dudas sobre: âœ… PreparaciÃ³n para exÃ¡menes âœ… Horarios âœ… Agendar horas mÃ©dicas âœ… DirecciÃ³n y horarios de sucursales.",Â¡Hola! ğŸ˜Š Gracias por comunicarte con Laboratorio ClÃ­nico Biomed. Â¿En quÃ© puedo ayudarte hoy? ğŸŒŸ,4,"Â¡Buen dÃ­a, gracias por comunicarte con Laboratorio ClÃ­nico Biomed! Mi nombre es Emma, soy la asistente virtual ğŸ¤— Â¿CÃ³mo puedo ayudarte hoy? ğŸŒŸ Puedo resolver dudas sobre: âœ… PreparaciÃ³n para exÃ¡menes âœ… Horarios âœ… Agendar horas mÃ©dicas âœ… DirecciÃ³n y horarios de sucursales.",5
Hola,"Â¡Buen dÃ­a, gracias por comunicarte con Laboratorio ClÃ­nico Biomed! Mi nombre es Emma, soy la asistente virtual ğŸ¤— Â¿CÃ³mo puedo ayudarte hoy? ğŸŒŸ Puedo resolver dudas sobre: âœ… PreparaciÃ³n para exÃ¡menes âœ… Horarios âœ… Agendar horas mÃ©dicas âœ… DirecciÃ³n y horarios de sucursales.",Â¡Hola! ğŸ˜Š Gracias por comunicarte con Laboratorio ClÃ­nico Biomed. Â¿En quÃ© puedo ayudarte hoy? ğŸŒŸ,4,"Â¡Buen dÃ­a, gracias por comunicarte con Laboratorio ClÃ­nico Biomed! Mi nombre es Emma, soy la asistente virtual ğŸ¤— Â¿CÃ³mo puedo ayudarte hoy? ğŸŒŸ Puedo resolver dudas sobre: âœ… PreparaciÃ³n para exÃ¡menes âœ… Horarios âœ… Agendar horas mÃ©dicas âœ… DirecciÃ³n y horarios de sucursales.",5
Hola,"Â¡Buen dÃ­a, gracias por comunicarte con Laboratorio ClÃ­nico Biomed! Mi nombre es Emma, soy la asistente virtual ğŸ¤— Â¿CÃ³mo puedo ayudarte hoy? ğŸŒŸ Puedo resolver dudas sobre: âœ… PreparaciÃ³n para exÃ¡menes âœ… Horarios âœ… Agendar horas mÃ©dicas âœ… DirecciÃ³n y horarios de sucursales.",Â¡Hola! ğŸ˜Š Gracias por comunicarte con Laboratorio ClÃ­nico Biomed. Â¿En quÃ© puedo ayudarte hoy? ğŸŒŸ,4,"Â¡Buen dÃ­a, gracias por comunicarte con Laboratorio ClÃ­nico Biomed! Mi nombre es Emma, soy la asistente virtual ğŸ¤— Â¿CÃ³mo puedo ayudarte hoy? ğŸŒŸ Puedo resolver dudas sobre: âœ… PreparaciÃ³n para exÃ¡menes âœ… Horarios âœ… Agendar horas mÃ©dicas âœ… DirecciÃ³n y horarios de sucursales.",5
Hola,"Â¡Buen dÃ­a, gracias por comunicarte con Laboratorio ClÃ­nico Biomed! Mi nombre es Emma, soy la asistente virtual ğŸ¤— Â¿CÃ³mo puedo ayudarte hoy? ğŸŒŸ Puedo resolver dudas sobre: âœ… PreparaciÃ³n para exÃ¡menes âœ… Horarios âœ… Agendar horas mÃ©dicas âœ… DirecciÃ³n y horarios de sucursales.",Â¡Hola! ğŸ˜Š Gracias por comunicarte con Laboratorio ClÃ­nico Biomed. Â¿En quÃ© puedo ayudarte hoy? ğŸŒŸ,4,"Â¡Buen dÃ­a, gracias por comunicarte con Laboratorio ClÃ­nico Biomed! Mi nombre es Emma, soy la asistente virtual ğŸ¤— Â¿CÃ³mo puedo ayudarte hoy? ğŸŒŸ Puedo resolver dudas sobre: âœ… PreparaciÃ³n para exÃ¡menes âœ… Horarios âœ… Agendar horas mÃ©dicas âœ… DirecciÃ³n y horarios de sucursales.",5
Â¿CuÃ¡les son los patÃ³genos que incluye el PCR-ETS?,"En Laboratorio Biomed, nuestro PCR o Panel ETS incluye: Candida Albicans Chlamydia Trachomatis Gardnerella Vaginalis Mycoplasma Genitalium Mycoplasma Hominis Treponema Pallidum Trichomonas Vaginalis Ureaplasma Parvum Ureaplasma Urealyticum Virus Herpes simple I y II Neisseria Gonorrhoeae","El PCR o Panel ETS incluye:

- Chlamydia trachomatis
- Neisseria gonorrhoeae
- Mycoplasma genitalium
- Mycoplasma hominis
- Ureaplasma parvum
- Ureaplasma urealyticum
- Trichomonas vaginalis
- Treponema pallidum

Â¿Necesitas mÃ¡s informaciÃ³n? ğŸ˜Š",3,"En Laboratorio Biomed, nuestro PCR o Panel ETS incluye: Candida Albicans Chlamydia Trachomatis Gardnerella Vaginalis Mycoplasma Genitalium Mycoplasma Hominis Treponema Pallidum Trichomonas Vaginalis Ureaplasma Parvum Ureaplasma Urealyticum Neisseria Gonorrhoeae",3
Â¿CuÃ¡les son los patÃ³genos que incluye el PCR-ETS?,"En Laboratorio Biomed, nuestro PCR o Panel ETS incluye: Candida Albicans Chlamydia Trachomatis Gardnerella Vaginalis Mycoplasma Genitalium Mycoplasma Hominis Treponema Pallidum Trichomonas Vaginalis Ureaplasma Parvum Ureaplasma Urealyticum Virus Herpes simple I y II Neisseria Gonorrhoeae","El PCR o Panel ETS incluye los siguientes patÃ³genos:

- Chlamydia trachomatis
- Neisseria gonorrhoeae
- Mycoplasma genitalium
- Mycoplasma hominis
- Ureaplasma parvum
- Ureaplasma urealyticum
- Trichomonas vaginalis
- Candida albicans

Â¿Te puedo ayudar con algo mÃ¡s? ğŸ˜Š",3,"En Laboratorio Biomed, nuestro PCR o Panel ETS incluye: Candida Albicans Chlamydia Trachomatis Gardnerella Vaginalis Mycoplasma Genitalium Mycoplasma Hominis Neisseria Gonorrhoeae Treponema Pallidum Trichomonas Vaginalis Ureaplasma Parvum Ureaplasma Urealyticum",3
Â¿CuÃ¡les son los patÃ³genos que incluye el PCR-ETS?,"En Laboratorio Biomed, nuestro PCR o Panel ETS incluye: Candida Albicans Chlamydia Trachomatis Gardnerella Vaginalis Mycoplasma Genitalium Mycoplasma Hominis Treponema Pallidum Trichomonas Vaginalis Ureaplasma Parvum Ureaplasma Urealyticum Virus Herpes simple I y II Neisseria Gonorrhoeae","El PCR o Panel ETS incluye los siguientes patÃ³genos:

- Chlamydia trachomatis
- Neisseria gonorrhoeae
- Mycoplasma genitalium
- Mycoplasma hominis
- Ureaplasma parvum
- Ureaplasma urealyticum
- Trichomonas vaginalis
- Candida albicans

Â¿Necesitas mÃ¡s informaciÃ³n? ğŸ˜Š",3,"En Laboratorio Biomed, nuestro PCR o Panel ETS incluye: Chlamydia Trachomatis Neisseria Gonorrhoeae Mycoplasma Genitalium Mycoplasma Hominis Ureaplasma Parvum Ureaplasma Urealyticum Trichomonas Vaginalis Candida Albicans",3
Â¿CuÃ¡les son los patÃ³genos que incluye el PCR-ETS?,"En Laboratorio Biomed, nuestro PCR o Panel ETS incluye: Candida Albicans Chlamydia Trachomatis Gardnerella Vaginalis Mycoplasma Genitalium Mycoplasma Hominis Treponema Pallidum Trichomonas Vaginalis Ureaplasma Parvum Ureaplasma Urealyticum Virus Herpes simple I y II Neisseria Gonorrhoeae","El PCR o Panel ETS incluye:

- Chlamydia trachomatis
- Neisseria gonorrhoeae
- Mycoplasma genitalium
- Mycoplasma hominis
- Ureaplasma parvum
- Ureaplasma urealyticum

Â¿Puedo ayudarte con algo mÃ¡s? ğŸ˜Š",3,"En Laboratorio Biomed, nuestro PCR o Panel ETS incluye: Candida Albicans Chlamydia Trachomatis Gardnerella Vaginalis Mycoplasma Genitalium Mycoplasma Hominis Neisseria Gonorrhoeae Treponema Pallidum Trichomonas Vaginalis Ureaplasma Parvum Ureaplasma Urealyticum",3
Â¡Hola! Â¿DÃ³nde puedo hacer mamografÃ­as o radiografÃ­as?,"Puedes realizar mamografÃ­as y radiografÃ­as solo en nuestra Sucursal Casa Matriz (Benavente 761, Puerto Montt). ğŸ˜Š","Puedes realizar mamografÃ­as y radiografÃ­as solo en nuestra Sucursal Casa Matriz (Benavente 761, Puerto Montt). ğŸ˜Š",5,"Puedes realizar mamografÃ­as y radiografÃ­as solo en nuestra Sucursal Casa Matriz (Benavente 761, Puerto Montt). ğŸ˜Š",5
Â¡Hola! Â¿DÃ³nde puedo hacer mamografÃ­as o radiografÃ­as?,"Puedes realizar mamografÃ­as y radiografÃ­as solo en nuestra Sucursal Casa Matriz (Benavente 761, Puerto Montt). ğŸ˜Š","Puedes realizar mamografÃ­as y radiografÃ­as solo en nuestra Sucursal Casa Matriz (Benavente 761, Puerto Montt). ğŸ˜Š",5,"Puedes realizar mamografÃ­as y radiografÃ­as solo en nuestra Sucursal Casa Matriz (Benavente 761, Puerto Montt). ğŸ˜Š",5
Â¡Hola! Â¿DÃ³nde puedo hacer mamografÃ­as o radiografÃ­as?,"Puedes realizar mamografÃ­as y radiografÃ­as solo en nuestra Sucursal Casa Matriz (Benavente 761, Puerto Montt). ğŸ˜Š","Puedes realizar mamografÃ­as y radiografÃ­as solo en nuestra Sucursal Casa Matriz (Benavente 761, Puerto Montt). ğŸ˜Š",5,"Puedes realizar mamografÃ­as y radiografÃ­as solo en nuestra Sucursal Casa Matriz (Benavente 761, Puerto Montt). ğŸ˜Š",5
Â¡Hola! Â¿DÃ³nde puedo hacer mamografÃ­as o radiografÃ­as?,"Puedes realizar mamografÃ­as y radiografÃ­as solo en nuestra Sucursal Casa Matriz (Benavente 761, Puerto Montt). ğŸ˜Š","Puedes realizar mamografÃ­as y radiografÃ­as solo en nuestra Sucursal Casa Matriz (Benavente 761, Puerto Montt). ğŸ˜Š",5,"Puedes hacer mamografÃ­as y radiografÃ­as solo en nuestra Sucursal Casa Matriz (Benavente 761, Puerto Montt). ğŸ˜Š",5
Â¡Hola! Â¿En quÃ© sucursal se hacen Holter de PresiÃ³n y cuÃ¡l es su precio?,"Puedes realizar el Holter de PresiÃ³n en nuestra Sucursal Casa Matriz, previo agendamiento. Valor particular: $42.000. Â¿Te gustarÃ­a agendar una cita? ğŸ˜Š","El Holter de PresiÃ³n se realiza en nuestra Sucursal Casa Matriz, con agendamiento previo. Valor particular: $42.000. Â¿Te gustarÃ­a agendar una cita? ğŸ˜Š",5,"El Holter de PresiÃ³n se realiza solo en nuestra Sucursal Casa Matriz (Benavente 761, Puerto Montt) y su valor particular es $42.000. Â¿Te gustarÃ­a agendar una cita? ğŸ˜Š",5
Â¡Hola! Â¿En quÃ© sucursal se hacen Holter de PresiÃ³n y cuÃ¡l es su precio?,"Puedes realizar el Holter de PresiÃ³n en nuestra Sucursal Casa Matriz, previo agendamiento. Valor particular: $42.000. Â¿Te gustarÃ­a agendar una cita? ğŸ˜Š","El Holter de PresiÃ³n se realiza en nuestra Sucursal Casa Matriz, con agendamiento previo. Valor particular: $42.000. Â¿Te gustarÃ­a agendar una cita? ğŸ˜Š",5,"En Laboratorio Biomed, el Holter de PresiÃ³n se realiza solo en Casa Matriz (Benavente 761, Puerto Montt) y su valor particular es $42.000. Â¿Te gustarÃ­a agendar una cita? ğŸ˜Š",5
Â¡Hola! Â¿En quÃ© sucursal se hacen Holter de PresiÃ³n y cuÃ¡l es su precio?,"Puedes realizar el Holter de PresiÃ³n en nuestra Sucursal Casa Matriz, previo agendamiento. Valor particular: $42.000. Â¿Te gustarÃ­a agendar una cita? ğŸ˜Š","El Holter de PresiÃ³n se realiza solo en nuestra Sucursal Casa Matriz, con agendamiento previo. Valor particular: $42.000. Â¿Te gustarÃ­a agendar una cita? ğŸ˜Š",5,"En Laboratorio Biomed, el Holter de PresiÃ³n se realiza solo en Casa Matriz (Benavente 761, Puerto Montt) y tiene un valor particular de $42.000. Â¿Te gustarÃ­a agendar una cita? ğŸ˜Š",5
Â¡Hola! Â¿En quÃ© sucursal se hacen Holter de PresiÃ³n y cuÃ¡l es su precio?,"Puedes realizar el Holter de PresiÃ³n en nuestra Sucursal Casa Matriz, previo agendamiento. Valor particular: $42.000. Â¿Te gustarÃ­a agendar una cita? ğŸ˜Š","El Holter de PresiÃ³n se realiza en nuestra Sucursal Casa Matriz, con agendamiento previo. Valor particular: $42.000. Â¿Te gustarÃ­a agendar una cita? ğŸ˜Š",5,"En Laboratorio Biomed, el Holter de PresiÃ³n se realiza solo en Casa Matriz (Benavente 761, Puerto Montt) y su valor particular es $42.000. Â¿Te gustarÃ­a agendar una cita? ğŸ˜Š",5
Â¡Hola! Â¿En quÃ© sucursal se hacen Holter de Arritmia y cuÃ¡l es su precio?,"El Holter de Arritmia se realiza solo en la Sucursal Casa Matriz, con agendamiento. Valor particular: $60.000. Â¿Agendamos una cita? ğŸ˜Š","El Holter de Arritmia se realiza solo en la Sucursal Casa Matriz, con agendamiento previo. Valor particular: $60.000. Â¿Te gustarÃ­a agendar una cita? ğŸ˜Š",5,"El Holter de Arritmia se realiza solo en la Sucursal Casa Matriz (Benavente 761, Puerto Montt) y requiere agendamiento previo. Valor particular: $60.000. Â¿Te gustarÃ­a agendar una cita? ğŸ˜Š",5
Â¡Hola! Â¿En quÃ© sucursal se hacen Holter de Arritmia y cuÃ¡l es su precio?,"El Holter de Arritmia se realiza solo en la Sucursal Casa Matriz, con agendamiento. Valor particular: $60.000. Â¿Agendamos una cita? ğŸ˜Š","El Holter de Arritmia se realiza solo en la Sucursal Casa Matriz, con agendamiento previo. Valor particular: $60.000. Â¿Te gustarÃ­a agendar una cita? ğŸ˜Š",5,"El Holter de Arritmia se realiza solo en la Sucursal Casa Matriz (Benavente 761, Puerto Montt) y su valor particular es $60.000. Â¿Te gustarÃ­a agendar una cita? ğŸ˜Š",5
Â¡Hola! Â¿En quÃ© sucursal se hacen Holter de Arritmia y cuÃ¡l es su precio?,"El Holter de Arritmia se realiza solo en la Sucursal Casa Matriz, con agendamiento. Valor particular: $60.000. Â¿Agendamos una cita? ğŸ˜Š","El Holter de Arritmia se realiza solo en nuestra Sucursal Casa Matriz, con agendamiento previo. Valor particular: $60.000. Â¿Te gustarÃ­a agendar una cita? ğŸ˜Š",5,"El Holter de Arritmia se realiza solo en la Sucursal Casa Matriz (Benavente 761, Puerto Montt), con agendamiento previo. Valor particular: $60.000. Â¿Te gustarÃ­a agendar una cita? ğŸ˜Š",5
Â¡Hola! Â¿En quÃ© sucursal se hacen Holter de Arritmia y cuÃ¡l es su precio?,"El Holter de Arritmia se realiza solo en la Sucursal Casa Matriz, con agendamiento. Valor particular: $60.000. Â¿Agendamos una cita? ğŸ˜Š","El Holter de Arritmia se realiza solo en nuestra Sucursal Casa Matriz, con agendamiento previo. Valor particular: $60.000. Â¿Te gustarÃ­a agendar una cita? ğŸ˜Š",5,"El Holter de Arritmia se realiza solo en la Sucursal Casa Matriz (Benavente 761, Puerto Montt) y su valor particular es $60.000. Â¿Te gustarÃ­a agendar una cita? ğŸ˜Š",5
Â¿QuÃ© debo hacer para agendar una hora para el PAP o VPH?,Puedes agendar tu PAP o VPH aquÃ­: https://wa.me/56945711542 Nuestro equipo te ayudarÃ¡ a escoger sucursal y horario. ğŸ‘©u200dâš•ï¸,Puedes agendar tu PAP o VPH aquÃ­: [https://wa.me/56945711542](https://wa.me/56945711542). Nuestro equipo te ayudarÃ¡ a escoger sucursal y horario. ğŸ‘©â€âš•ï¸,5,"Para agendar tu PAP o VPH, por favor escrÃ­benos al WhatsApp +56 9 4571 1542 y con gusto te ayudaremos. ğŸ‘©â€âš•ï¸",5
Â¿QuÃ© debo hacer para agendar una hora para el PAP o VPH?,Puedes agendar tu PAP o VPH aquÃ­: https://wa.me/56945711542 Nuestro equipo te ayudarÃ¡ a escoger sucursal y horario. ğŸ‘©u200dâš•ï¸,Puedes agendar tu PAP o VPH aquÃ­: https://wa.me/56945711542. Nuestro equipo te ayudarÃ¡ a escoger sucursal y horario. ğŸ‘©â€âš•ï¸,5,"Para agendar tu PAP o VPH, por favor escrÃ­benos al WhatsApp +56 9 4571 1542 y con gusto te ayudaremos. ğŸ‘©â€âš•ï¸",5
Â¿QuÃ© debo hacer para agendar una hora para el PAP o VPH?,Puedes agendar tu PAP o VPH aquÃ­: https://wa.me/56945711542 Nuestro equipo te ayudarÃ¡ a escoger sucursal y horario. ğŸ‘©u200dâš•ï¸,Puedes agendar tu PAP o VPH aquÃ­: [https://wa.me/56945711542](https://wa.me/56945711542) ğŸ©º Nuestro equipo te ayudarÃ¡ a escoger sucursal y horario. ğŸ˜Š,5,"Para agendar tu PAP o VPH, por favor escrÃ­benos al WhatsApp +56 9 4571 1542 y con gusto te ayudaremos. ğŸ‘©â€âš•ï¸",5
Â¿QuÃ© debo hacer para agendar una hora para el PAP o VPH?,Puedes agendar tu PAP o VPH aquÃ­: https://wa.me/56945711542 Nuestro equipo te ayudarÃ¡ a escoger sucursal y horario. ğŸ‘©u200dâš•ï¸,Puedes agendar tu PAP o VPH aquÃ­: [https://wa.me/56945711542](https://wa.me/56945711542) ğŸ˜Š Nuestro equipo te ayudarÃ¡ a escoger sucursal y horario.,5,"Para agendar tu PAP o VPH, por favor escrÃ­benos al WhatsApp +56 9 4571 1542 y con gusto te ayudaremos. ğŸ‘©â€âš•ï¸",5
"Hola, quiero agendar una hora",Gracias por contactarte con Laboratorio Biomed! Puedes agendar: Medicina General Dr. RaÃºl Mansilla: https://8d38a057041999f08f2c133e325c84c029351e63.agenda.softwaremedilink.com/agenda?modalidad=1 Medicina General Dr. Rodrigo RamÃ­rez Corsi: (Mismo enlace) Nutricionista CÃ©sar CortÃ©s: (Mismo enlace) Â¿Te ayudo con algo mÃ¡s? ğŸ˜Š,"Â¡Hola! ğŸ˜Š Puedes agendar tu cita mÃ©dica con los siguientes profesionales:

- Medicina General Dr. RaÃºl Mansilla: [Agendar aquÃ­](https://8d38a057041999f08f2c133e325c84c029351e63.agenda.softwaremedilink.com/agenda?modalidad=1)
- Medicina General Dr. Rodrigo RamÃ­rez Corsi: [Agendar aquÃ­](https://8d38a057041999f08f2c133e325c84c029351e63.agenda.softwaremedilink.com/agenda?modalidad=1)
- Nutricionista CÃ©sar CortÃ©s: [Agendar aquÃ­](https://8d38a057041999f08f2c133e325c84c029351e63.agenda.softwaremedilink.com/agenda?modalidad=1)

Â¿Puedo ayudarte con algo mÃ¡s? ğŸ˜Š",5,Gracias por contactarte con Laboratorio Biomed! ğŸ˜Š Â¿Te gustarÃ­a agendar una hora para medicina general o nutriciÃ³n? ğŸŒŸ,3
"Hola, quiero agendar una hora",Gracias por contactarte con Laboratorio Biomed! Puedes agendar: Medicina General Dr. RaÃºl Mansilla: https://8d38a057041999f08f2c133e325c84c029351e63.agenda.softwaremedilink.com/agenda?modalidad=1 Medicina General Dr. Rodrigo RamÃ­rez Corsi: (Mismo enlace) Nutricionista CÃ©sar CortÃ©s: (Mismo enlace) Â¿Te ayudo con algo mÃ¡s? ğŸ˜Š,"Â¡Hola! ğŸ˜Š Puedes agendar una cita con los siguientes profesionales:

1. Medicina General Dr. RaÃºl Mansilla: [Agendar aquÃ­](https://8d38a057041999f08f2c133e325c84c029351e63.agenda.softwaremedilink.com/agenda?modalidad=1).
2. Medicina General Dr. Rodrigo RamÃ­rez Corsi: [Agendar aquÃ­](https://8d38a057041999f08f2c133e325c84c029351e63.agenda.softwaremedilink.com/agenda?modalidad=1).
3. Nutricionista CÃ©sar CortÃ©s: [Agendar aquÃ­](https://8d38a057041999f08f2c133e325c84c029351e63.agenda.softwaremedilink.com/agenda?modalidad=1).

Â¿Te ayudo con algo mÃ¡s? ğŸ˜Š",5,Gracias por comunicarte con Laboratorio Biomed. ğŸ˜Š Â¿Te gustarÃ­a agendar hora para medicina general o nutriciÃ³n? ğŸŒŸ,3
"Hola, quiero agendar una hora",Gracias por contactarte con Laboratorio Biomed! Puedes agendar: Medicina General Dr. RaÃºl Mansilla: https://8d38a057041999f08f2c133e325c84c029351e63.agenda.softwaremedilink.com/agenda?modalidad=1 Medicina General Dr. Rodrigo RamÃ­rez Corsi: (Mismo enlace) Nutricionista CÃ©sar CortÃ©s: (Mismo enlace) Â¿Te ayudo con algo mÃ¡s? ğŸ˜Š,"Â¡Hola! Puedes agendar una hora con los siguientes profesionales:

1. **Medicina General Dr. RaÃºl Mansilla**: [Agendar aquÃ­](https://8d38a057041999f08f2c133e325c84c029351e63.agenda.softwaremedilink.com/agenda?modalidad=1)
2. **Medicina General Dr. Rodrigo RamÃ­rez Corsi**: [Agendar aquÃ­](https://8d38a057041999f08f2c133e325c84c029351e63.agenda.softwaremedilink.com/agenda?modalidad=1)
3. **Nutricionista CÃ©sar CortÃ©s**: [Agendar aquÃ­](https://8d38a057041999f08f2c133e325c84c029351e63.agenda.softwaremedilink.com/agenda?modalidad=1)

Â¿Te ayudo con algo mÃ¡s? ğŸ˜Š",5,Gracias por contactarte con Laboratorio Biomed! ğŸ˜Š Â¿Te gustarÃ­a agendar horas para medicina general o nutriciÃ³n? ğŸŒŸ,3
"Hola, quiero agendar una hora",Gracias por contactarte con Laboratorio Biomed! Puedes agendar: Medicina General Dr. RaÃºl Mansilla: https://8d38a057041999f08f2c133e325c84c029351e63.agenda.softwaremedilink.com/agenda?modalidad=1 Medicina General Dr. Rodrigo RamÃ­rez Corsi: (Mismo enlace) Nutricionista CÃ©sar CortÃ©s: (Mismo enlace) Â¿Te ayudo con algo mÃ¡s? ğŸ˜Š,"Gracias por contactarte con Laboratorio Biomed! Puedes agendar:

1. Medicina General Dr. RaÃºl Mansilla: [Agendar aquÃ­](https://8d38a057041999f08f2c133e325c84c029351e63.agenda.softwaremedilink.com/agenda?modalidad=1)
2. Medicina General Dr. Rodrigo RamÃ­rez Corsi: [Agendar aquÃ­](https://8d38a057041999f08f2c133e325c84c029351e63.agenda.softwaremedilink.com/agenda?modalidad=1)
3. Nutricionista CÃ©sar CortÃ©s: [Agendar aquÃ­](https://8d38a057041999f08f2c133e325c84c029351e63.agenda.softwaremedilink.com/agenda?modalidad=1)

Â¿Te ayudo con algo mÃ¡s? ğŸ˜Š",5,Gracias por contactarte con Laboratorio Biomed! ğŸ˜Š Â¿Te gustarÃ­a agendar horas para medicina general o nutriciÃ³n?,3
"Hola, Â¿puedo agendar un PAP o VPH?",Â¡Claro! Agenda tu PAP o VPH aquÃ­: https://wa.me/56945711542 Nuestro equipo te apoyarÃ¡ para escoger sucursal y horario. ğŸ‘©u200dâš•ï¸,"Â¡Claro! Para agendar tu PAP o VPH, por favor comunÃ­cate con nuestro equipo aquÃ­: [WhatsApp](https://wa.me/56945711542). Ellos te ayudarÃ¡n a escoger sucursal y horario. ğŸ‘©â€âš•ï¸",5,"Para agendar tu PAP o VPH, por favor escrÃ­benos al WhatsApp +56 9 4571 1542 y con gusto te ayudaremos. ğŸ‘©â€âš•ï¸",5
"Hola, Â¿puedo agendar un PAP o VPH?",Â¡Claro! Agenda tu PAP o VPH aquÃ­: https://wa.me/56945711542 Nuestro equipo te apoyarÃ¡ para escoger sucursal y horario. ğŸ‘©u200dâš•ï¸,"Â¡Claro! Para agendar tu PAP o VPH, por favor comunÃ­cate aquÃ­: [WhatsApp](https://wa.me/56945711542). Nuestro equipo te ayudarÃ¡ a elegir la sucursal y el horario que mÃ¡s te convenga. ğŸ‘©â€âš•ï¸",5,"Para agendar tu PAP o VPH, por favor escrÃ­benos al WhatsApp +56 9 4571 1542 y con gusto te ayudaremos. ğŸ‘©â€âš•ï¸",5
"Hola, Â¿puedo agendar un PAP o VPH?",Â¡Claro! Agenda tu PAP o VPH aquÃ­: https://wa.me/56945711542 Nuestro equipo te apoyarÃ¡ para escoger sucursal y horario. ğŸ‘©u200dâš•ï¸,"Â¡Claro! Para agendar tu PAP o VPH, por favor comunÃ­cate con nuestro equipo aquÃ­: https://wa.me/56945711542. Ellos te ayudarÃ¡n a escoger sucursal y horario. ğŸ‘©â€âš•ï¸",5,"Para agendar tu PAP o VPH, por favor escrÃ­benos al WhatsApp +56 9 4571 1542 y con gusto te ayudaremos. ğŸ‘©â€âš•ï¸",5
"Hola, Â¿puedo agendar un PAP o VPH?",Â¡Claro! Agenda tu PAP o VPH aquÃ­: https://wa.me/56945711542 Nuestro equipo te apoyarÃ¡ para escoger sucursal y horario. ğŸ‘©u200dâš•ï¸,"Â¡Claro! Para agendar tu PAP o VPH, por favor comunÃ­cate con nuestro equipo aquÃ­: https://wa.me/56945711542. Ellos te ayudarÃ¡n a escoger sucursal y horario. ğŸ‘©â€âš•ï¸",5,"Para agendar tu PAP o VPH, por favor escrÃ­benos al siguiente WhatsApp: https://wa.me/56945711542 y con gusto te ayudaremos. ğŸ‘©â€âš•ï¸",5
"Hola, quiero hacerme un holter de presiÃ³n.",Para agendar Holter de PresiÃ³n: https://wa.me/56945711542 Nuestro equipo te ayudarÃ¡ a coordinar sucursal y horario. ğŸ“,"Para agendar el Holter de PresiÃ³n, por favor utiliza este enlace: [Agendar Holter de PresiÃ³n](https://wa.me/56945711542). Nuestro equipo te ayudarÃ¡ a coordinar sucursal y horario. ğŸ“",5,"Para agendar Holter de PresiÃ³n, por favor escrÃ­benos al WhatsApp +56 9 4571 1542 y con gusto te ayudaremos. ğŸ“",5
"Hola, quiero hacerme un holter de presiÃ³n.",Para agendar Holter de PresiÃ³n: https://wa.me/56945711542 Nuestro equipo te ayudarÃ¡ a coordinar sucursal y horario. ğŸ“,"Para agendar el Holter de PresiÃ³n, por favor comunÃ­cate con nuestro equipo aquÃ­: https://wa.me/56945711542. Ellos te ayudarÃ¡n a coordinar sucursal y horario. ğŸ“",5,"Para agendar Holter de PresiÃ³n, por favor escrÃ­benos al WhatsApp: https://wa.me/56945711542 y con gusto te ayudaremos. ğŸ“",5
"Hola, quiero hacerme un holter de presiÃ³n.",Para agendar Holter de PresiÃ³n: https://wa.me/56945711542 Nuestro equipo te ayudarÃ¡ a coordinar sucursal y horario. ğŸ“,"Para agendar el Holter de PresiÃ³n, por favor utiliza este enlace: https://wa.me/56945711542. Nuestro equipo te ayudarÃ¡ a coordinar la sucursal y horario. ğŸ“",5,"Para agendar Holter de PresiÃ³n, por favor escrÃ­benos al WhatsApp +56 9 4571 1542 y con gusto te ayudaremos. ğŸ“",5
"Hola, quiero hacerme un holter de presiÃ³n.",Para agendar Holter de PresiÃ³n: https://wa.me/56945711542 Nuestro equipo te ayudarÃ¡ a coordinar sucursal y horario. ğŸ“,"Para agendar el Holter de PresiÃ³n, por favor contacta a nuestro equipo aquÃ­: [WhatsApp](https://wa.me/56945711542). Ellos te ayudarÃ¡n a coordinar sucursal y horario. ğŸ“",5,"Para agendar Holter de PresiÃ³n, por favor escrÃ­benos al WhatsApp +56 9 4571 1542 y con gusto te ayudaremos. ğŸ“",5
"Hola, Â¿quiero agendar consulta con el Dr. Rodrigo RamÃ­rez?",Por supuesto. Agenda tu consulta con el Dr. Rodrigo RamÃ­rez Corsi: https://8d38a057041999f08f2c133e325c84c029351e63.agenda.softwaremedilink.com/agenda?modalidad=1 Â¿Puedo ayudarte con algo mÃ¡s? ğŸ§˜u200dâ™€ï¸,Â¡Claro! Puedes agendar tu consulta con el Dr. Rodrigo RamÃ­rez Corsi a travÃ©s de este enlace: [Agenda tu cita aquÃ­](https://8d38a057041999f08f2c133e325c84c029351e63.agenda.softwaremedilink.com/agenda?modalidad=1). ğŸ˜Š Â¿Puedo ayudarte con algo mÃ¡s?,5,"Por supuesto. Para agendar tu consulta con el Dr. Rodrigo RamÃ­rez Corsi, por favor utiliza este enlace: https://8d38a057041999f08f2c133e325c84c029351e63.agenda.softwaremedilink.com/agenda?modalidad=1. ğŸ˜Š",5
"Hola, Â¿quiero agendar consulta con el Dr. Rodrigo RamÃ­rez?",Por supuesto. Agenda tu consulta con el Dr. Rodrigo RamÃ­rez Corsi: https://8d38a057041999f08f2c133e325c84c029351e63.agenda.softwaremedilink.com/agenda?modalidad=1 Â¿Puedo ayudarte con algo mÃ¡s? ğŸ§˜u200dâ™€ï¸,Â¡Claro! Puedes agendar tu consulta con el Dr. Rodrigo RamÃ­rez Corsi a travÃ©s de este enlace: [Agendar cita](https://8d38a057041999f08f2c133e325c84c029351e63.agenda.softwaremedilink.com/agenda?modalidad=1). ğŸ˜Š Â¿Puedo ayudarte con algo mÃ¡s?,5,"Por supuesto. Para agendar tu consulta con el Dr. Rodrigo RamÃ­rez Corsi, utiliza este enlace: https://8d38a057041999f08f2c133e325c84c029351e63.agenda.softwaremedilink.com/agenda?modalidad=1. ğŸ˜Š",5
"Hola, Â¿quiero agendar consulta con el Dr. Rodrigo RamÃ­rez?",Por supuesto. Agenda tu consulta con el Dr. Rodrigo RamÃ­rez Corsi: https://8d38a057041999f08f2c133e325c84c029351e63.agenda.softwaremedilink.com/agenda?modalidad=1 Â¿Puedo ayudarte con algo mÃ¡s? ğŸ§˜u200dâ™€ï¸,"Claro, puedes agendar tu consulta con el Dr. Rodrigo RamÃ­rez Corsi a travÃ©s de este enlace: [Agendar Cita](https://8d38a057041999f08f2c133e325c84c029351e63.agenda.softwaremedilink.com/agenda?modalidad=1). ğŸ˜Š",5,Por supuesto. Puedes agendar tu consulta con el Dr. Rodrigo RamÃ­rez Corsi a travÃ©s de este enlace: https://8d38a057041999f08f2c133e325c84c029351e63.agenda.softwaremedilink.com/agenda?modalidad=1. ğŸ˜Š,5
"Hola, Â¿quiero agendar consulta con el Dr. Rodrigo RamÃ­rez?",Por supuesto. Agenda tu consulta con el Dr. Rodrigo RamÃ­rez Corsi: https://8d38a057041999f08f2c133e325c84c029351e63.agenda.softwaremedilink.com/agenda?modalidad=1 Â¿Puedo ayudarte con algo mÃ¡s? ğŸ§˜u200dâ™€ï¸,Â¡Por supuesto! Puedes agendar tu consulta con el Dr. Rodrigo RamÃ­rez Corsi a travÃ©s de este enlace: [Agendar aquÃ­](https://8d38a057041999f08f2c133e325c84c029351e63.agenda.softwaremedilink.com/agenda?modalidad=1). ğŸ˜Š Â¿Puedo ayudarte con algo mÃ¡s?,5,Por supuesto. Puedes agendar tu consulta con el Dr. Rodrigo RamÃ­rez Corsi a travÃ©s de este enlace: https://8d38a057041999f08f2c133e325c84c029351e63.agenda.softwaremedilink.com/agenda?modalidad=1. ğŸ˜Š,5
Necesito agendar con el ginecÃ³logo.,Para agendar con el ginecÃ³logo: https://www.doctoralia.cl/julio-antonio-rojas-ortega/ginecologo/puerto-montt#profile-info En el mismo link podrÃ¡s revisar disponibilidad y precios. ğŸ©º,"Para agendar una consulta ginecolÃ³gica con el Dr. Julio Rojas, utiliza este enlace: [Agendar cita](https://www.doctoralia.cl/julio-antonio-rojas-ortega/ginecologo/puerto-montt#profile-info). En el mismo link puedes ver informaciÃ³n de los servicios y precios. ğŸ©º",5,"Para agendar una consulta ginecolÃ³gica con el Dr. Julio Rojas, por favor usa el siguiente enlace: https://www.doctoralia.cl/julio-antonio-rojas-ortega/ginecologo/puerto-montt#profile-info. ğŸ˜Š",5
Necesito agendar con el ginecÃ³logo.,Para agendar con el ginecÃ³logo: https://www.doctoralia.cl/julio-antonio-rojas-ortega/ginecologo/puerto-montt#profile-info En el mismo link podrÃ¡s revisar disponibilidad y precios. ğŸ©º,"Para agendar una consulta ginecolÃ³gica con el Dr. Julio Rojas, utiliza este enlace: [Agendar GinecÃ³logo](https://www.doctoralia.cl/julio-antonio-rojas-ortega/ginecologo/puerto-montt#profile-info). AhÃ­ podrÃ¡s ver informaciÃ³n sobre servicios y precios. ğŸ©º",5,"Para agendar una consulta ginecolÃ³gica con el Dr. Julio Rojas, por favor utiliza este enlace: https://www.doctoralia.cl/julio-antonio-rojas-ortega/ginecologo/puerto-montt#profile-info. ğŸ˜Š",5
Necesito agendar con el ginecÃ³logo.,Para agendar con el ginecÃ³logo: https://www.doctoralia.cl/julio-antonio-rojas-ortega/ginecologo/puerto-montt#profile-info En el mismo link podrÃ¡s revisar disponibilidad y precios. ğŸ©º,"Para agendar una consulta ginecolÃ³gica con el Dr. Julio Rojas, utiliza este enlace: [Agendar Consulta](https://www.doctoralia.cl/julio-antonio-rojas-ortega/ginecologo/puerto-montt#profile-info). En el mismo link puedes ver informaciÃ³n de los servicios y precios. ğŸ©º",5,"Para agendar una consulta ginecolÃ³gica con el Dr. Julio Rojas, por favor utiliza este enlace: https://www.doctoralia.cl/julio-antonio-rojas-ortega/ginecologo/puerto-montt#profile-info. ğŸ˜Š",5
Necesito agendar con el ginecÃ³logo.,Para agendar con el ginecÃ³logo: https://www.doctoralia.cl/julio-antonio-rojas-ortega/ginecologo/puerto-montt#profile-info En el mismo link podrÃ¡s revisar disponibilidad y precios. ğŸ©º,"Para agendar con el ginecÃ³logo, utiliza este enlace: [Consulta GinecolÃ³gica](https://www.doctoralia.cl/julio-antonio-rojas-ortega/ginecologo/puerto-montt#profile-info). AllÃ­ podrÃ¡s ver disponibilidad y precios. ğŸ©º",5,"Para agendar tu hora ginecolÃ³gica con el Dr. Julio Rojas, por favor escribe a su secretaria a travÃ©s del siguiente enlace: https://www.doctoralia.cl/julio-antonio-rojas-ortega/ginecologo/puerto-montt#profile-info. ğŸ˜Š",5
"Hola, Â¿puedo agendar una cita para una mamografÃ­a?","Las mamografÃ­as se realizan en Casa Matriz (Benavente 761, Puerto Montt). LlÃ¡manos al +56 65 2 329 400 o visÃ­tanos. ğŸ¥","Las mamografÃ­as se realizan solo en nuestra Casa Matriz (Benavente 761, Puerto Montt). Para agendar, llÃ¡manos al +56 65 2 329 400 o visÃ­tanos. ğŸ¥",5,"Las mamografÃ­as se realizan solo en Casa Matriz (Benavente 761, Puerto Montt). No requieren agendamiento, puedes acudir directamente. ğŸ˜Š",4
"Hola, Â¿puedo agendar una cita para una mamografÃ­a?","Las mamografÃ­as se realizan en Casa Matriz (Benavente 761, Puerto Montt). LlÃ¡manos al +56 65 2 329 400 o visÃ­tanos. ğŸ¥","Las mamografÃ­as se realizan solo en nuestra Casa Matriz (Benavente 761, Puerto Montt). Te recomiendo que llames al +56 65 2 329 400 o que nos visites directamente. ğŸ˜Š",5,"Las mamografÃ­as se realizan solo en Casa Matriz (Benavente 761, Puerto Montt). No requieren agendamiento; puedes acudir directamente. ğŸ˜Š",4
"Hola, Â¿puedo agendar una cita para una mamografÃ­a?","Las mamografÃ­as se realizan en Casa Matriz (Benavente 761, Puerto Montt). LlÃ¡manos al +56 65 2 329 400 o visÃ­tanos. ğŸ¥","Las mamografÃ­as se realizan solo en nuestra Casa Matriz (Benavente 761, Puerto Montt). Te recomiendo llamarnos al +56 65 2 329 400 o visitarnos. ğŸ¥ Â¿Puedo ayudarte con algo mÃ¡s? ğŸ˜Š",5,"Las mamografÃ­as se realizan solo en nuestra Sucursal Casa Matriz (Benavente 761, Puerto Montt). Por favor llÃ¡manos al +56 65 2 329 400 o visÃ­tanos para agendar. ğŸ˜Š",5
"Hola, Â¿puedo agendar una cita para una mamografÃ­a?","Las mamografÃ­as se realizan en Casa Matriz (Benavente 761, Puerto Montt). LlÃ¡manos al +56 65 2 329 400 o visÃ­tanos. ğŸ¥","Las mamografÃ­as se realizan solo en nuestra Casa Matriz (Benavente 761, Puerto Montt). Puedes llamarnos al +56 65 2 329 400 o visitarnos. ğŸ˜Š",5,"Las mamografÃ­as se realizan solo en nuestra Sucursal Casa Matriz (Benavente 761, Puerto Montt). Por favor, llÃ¡manos al +56 65 2 329 400 para agendar. ğŸ˜Š",5
"Hola, Â¿puedo agendar una ecografÃ­a abdominal?","Contamos con el Dr. Hans Reuter, quien realiza todo tipo de ecografÃ­as excepto ginecolÃ³gicas. Agenda con su secretaria: https://wa.me/56962538313 ğŸ“²","Â¡SÃ­! Contamos con el Dr. Hans Reuter, quien realiza ecografÃ­as abdominales. Puedes agendar con su secretaria aquÃ­: https://wa.me/56962538313 ğŸ“² Â¿Te puedo ayudar con algo mÃ¡s? ğŸ˜Š",5,"En este canal no manejamos agendamiento, pero puedo darte la informaciÃ³n para hacerlo. Â¿Te gustarÃ­a? ğŸ˜Š",3
"Hola, Â¿puedo agendar una ecografÃ­a abdominal?","Contamos con el Dr. Hans Reuter, quien realiza todo tipo de ecografÃ­as excepto ginecolÃ³gicas. Agenda con su secretaria: https://wa.me/56962538313 ğŸ“²","Â¡SÃ­! Para agendar una ecografÃ­a abdominal, puedes contactar a la secretaria del Dr. Hans Reuter, quien realiza todo tipo de ecografÃ­as (excepto ginecolÃ³gicas), a travÃ©s de este enlace: https://wa.me/56962538313 ğŸ“² Â¿Puedo ayudarte con algo mÃ¡s? ğŸ˜Š",5,"En este canal no manejamos agendamiento. En Laboratorio Biomed, nuestra ecografÃ­a abdominal se realiza con el Dr. Hans Reuter. Para agendar, por favor comunÃ­cate con su secretaria: https://wa.me/56962538313. ğŸ˜Š",5
"Hola, Â¿puedo agendar una ecografÃ­a abdominal?","Contamos con el Dr. Hans Reuter, quien realiza todo tipo de ecografÃ­as excepto ginecolÃ³gicas. Agenda con su secretaria: https://wa.me/56962538313 ğŸ“²","Contamos con el Dr. Hans Reuter, quien realiza todo tipo de ecografÃ­as, excepto ginecolÃ³gicas. Puedes agendar con su secretaria aquÃ­: https://wa.me/56962538313 ğŸ“²",5,"En este canal no manejamos agendamiento, pero puedo darte la informaciÃ³n para hacerlo. Â¿Te gustarÃ­a? ğŸ˜Š",3
"Hola, Â¿puedo agendar una ecografÃ­a abdominal?","Contamos con el Dr. Hans Reuter, quien realiza todo tipo de ecografÃ­as excepto ginecolÃ³gicas. Agenda con su secretaria: https://wa.me/56962538313 ğŸ“²","Â¡Claro! Para realizar una ecografÃ­a abdominal, puedes agendar con el Dr. Hans Reuter, quien realiza todo tipo de ecografÃ­as (excepto ginecolÃ³gicas). Agenda con su secretaria aquÃ­: https://wa.me/56962538313 ğŸ“² Â¿Puedo ayudarte con algo mÃ¡s? ğŸ˜Š",5,"En este canal no manejamos agendamiento, pero puedo darte la informaciÃ³n que necesitas. Â¿Sabes en quÃ© sucursal te gustarÃ­a realizarla? ğŸ˜Š",3
Â¿Realizan ecografÃ­as ginecolÃ³gicas?,"SÃ­, con el Dr. Julio Rojas, especializado en ecografÃ­as ginecolÃ³gicas y obstÃ©tricas. Contacta a su secretaria: https://wa.me/56968077891 ğŸ˜Š","SÃ­, realizamos ecografÃ­as ginecolÃ³gicas con el Dr. Julio Rojas. Puedes contactarte con su secretaria a travÃ©s de este enlace: https://wa.me/56968077891 ğŸ˜Š",5,"SÃ­, en Laboratorio Biomed realizamos ecografÃ­as ginecolÃ³gicas con el Dr. Julio Rojas. Para agendar, por favor permÃ­teme compartirte el enlace. ğŸ˜Š (AquÃ­ se enviarÃ­a el enlace a Doctoralia)",4
Â¿Realizan ecografÃ­as ginecolÃ³gicas?,"SÃ­, con el Dr. Julio Rojas, especializado en ecografÃ­as ginecolÃ³gicas y obstÃ©tricas. Contacta a su secretaria: https://wa.me/56968077891 ğŸ˜Š","SÃ­, realizamos ecografÃ­as ginecolÃ³gicas con el Dr. Julio Rojas. Puedes contactar a su secretaria a travÃ©s de este enlace: https://wa.me/56968077891. ğŸ˜Š",5,"SÃ­, en Laboratorio Biomed realizamos ecografÃ­as ginecolÃ³gicas con el Dr. Julio Rojas. Para agendar, por favor permÃ­teme compartirte el enlace. ğŸ˜Š (AquÃ­ se enviarÃ­a el enlace)",4
Â¿Realizan ecografÃ­as ginecolÃ³gicas?,"SÃ­, con el Dr. Julio Rojas, especializado en ecografÃ­as ginecolÃ³gicas y obstÃ©tricas. Contacta a su secretaria: https://wa.me/56968077891 ğŸ˜Š","SÃ­, realizamos ecografÃ­as ginecolÃ³gicas con el Dr. Julio Rojas. Puedes contactar a su secretaria a travÃ©s de este enlace: https://wa.me/56968077891 ğŸ˜Š",5,"SÃ­, en Laboratorio Biomed realizamos ecografÃ­as ginecolÃ³gicas con el Dr. Julio Rojas. Para agendar, por favor escrÃ­benos al WhatsApp: +56 9 4571 1542. ğŸ˜Š",4
Â¿Realizan ecografÃ­as ginecolÃ³gicas?,"SÃ­, con el Dr. Julio Rojas, especializado en ecografÃ­as ginecolÃ³gicas y obstÃ©tricas. Contacta a su secretaria: https://wa.me/56968077891 ğŸ˜Š","SÃ­, realizamos ecografÃ­as ginecolÃ³gicas con el Dr. Julio Rojas. Puedes contactar a su secretaria aquÃ­: https://wa.me/56968077891 para mÃ¡s informaciÃ³n. ğŸ˜Š",5,"SÃ­, en Laboratorio Biomed realizamos ecografÃ­as ginecolÃ³gicas con el Dr. Julio Rojas. Para agendar, por favor permÃ­teme compartirte el enlace. ğŸ˜Š (AquÃ­ se enviarÃ­a el enlace)",4
Â¿Realizan ecografÃ­as?,"Â¡SÃ­! Tenemos: Dr. Hans Reuter: todas las ecografÃ­as, excepto ginecolÃ³gicas. Secretaria: https://wa.me/56962538313 Dr. Julio Rojas: ecografÃ­as ginecolÃ³gicas y obstÃ©tricas. Secretaria: https://wa.me/56968077891 Â¿En quÃ© tipo de ecografÃ­a estÃ¡s interesado? ğŸ˜Š","Â¡SÃ­! Contamos con dos especialistas en ecografÃ­as:

1. **Dr. Hans Reuter**: Realiza todo tipo de ecografÃ­as, excepto ginecolÃ³gicas. Contacta su secretaria: [AquÃ­](https://wa.me/56962538313) ğŸ“²

2. **Dr. Julio Rojas**: Realiza ecografÃ­as obstÃ©tricas y ginecolÃ³gicas. Contacta su secretaria: [AquÃ­](https://wa.me/56968077891) ğŸ˜Š

Â¿Te gustarÃ­a mÃ¡s informaciÃ³n?",5,"Â¡SÃ­! Gracias a nuevas alianzas, contamos con: Dr. Hans Reuter: todas menos ginecolÃ³gicas. Dr. Julio Rojas: ginecolÃ³gicas y obstÃ©tricas. Â¿En quÃ© tipo de ecografÃ­a estÃ¡s interesado? ğŸ˜Š",4
Â¿Realizan ecografÃ­as?,"Â¡SÃ­! Tenemos: Dr. Hans Reuter: todas las ecografÃ­as, excepto ginecolÃ³gicas. Secretaria: https://wa.me/56962538313 Dr. Julio Rojas: ecografÃ­as ginecolÃ³gicas y obstÃ©tricas. Secretaria: https://wa.me/56968077891 Â¿En quÃ© tipo de ecografÃ­a estÃ¡s interesado? ğŸ˜Š","Â¡SÃ­! Contamos con dos especialistas para ecografÃ­as:

1. Dr. Hans Reuter: Realiza todo tipo de ecografÃ­as, excepto ginecolÃ³gicas. Contacta a su secretaria: [aquÃ­](https://wa.me/56962538313).

2. Dr. Julio Rojas: Realiza ecografÃ­as obstÃ©tricas y ginecolÃ³gicas. Contacta a su secretaria: [aquÃ­](https://wa.me/56968077891).

Â¿Te gustarÃ­a mÃ¡s informaciÃ³n? ğŸ˜Š",5,"Â¡SÃ­! Gracias a nuevas alianzas, contamos con: Dr. Hans Reuter: todas menos ginecolÃ³gicas. Dr. Julio Rojas: ginecolÃ³gicas y obstÃ©tricas. Â¿En quÃ© tipo de ecografÃ­a estÃ¡s interesado? ğŸ˜Š",4
Â¿Realizan ecografÃ­as?,"Â¡SÃ­! Tenemos: Dr. Hans Reuter: todas las ecografÃ­as, excepto ginecolÃ³gicas. Secretaria: https://wa.me/56962538313 Dr. Julio Rojas: ecografÃ­as ginecolÃ³gicas y obstÃ©tricas. Secretaria: https://wa.me/56968077891 Â¿En quÃ© tipo de ecografÃ­a estÃ¡s interesado? ğŸ˜Š","Â¡SÃ­! Contamos con dos especialistas en ecografÃ­as:

1. **Dr. Hans Reuter**: Realiza todo tipo de ecografÃ­as, excepto ginecolÃ³gicas. Contacta su secretaria: [AquÃ­](https://wa.me/56962538313).
   
2. **Dr. Julio Rojas**: Se encarga de ecografÃ­as obstÃ©tricas y ginecolÃ³gicas. Contacta su secretaria: [AquÃ­](https://wa.me/56968077891).

Â¿En quÃ© tipo de ecografÃ­a estÃ¡s interesado? ğŸ˜Š",5,Â¡SÃ­! Gracias a nuevas alianzas: Dr. Hans Reuter: todas menos ginecolÃ³gicas. Secretaria: https://wa.me/56962538313 Dr. Julio Rojas: ginecolÃ³gicas y obstÃ©tricas. Secretaria: https://wa.me/56968077891 Â¿En quÃ© tipo de ecografÃ­a estÃ¡s interesado? ğŸ˜Š,5
Â¿Realizan ecografÃ­as?,"Â¡SÃ­! Tenemos: Dr. Hans Reuter: todas las ecografÃ­as, excepto ginecolÃ³gicas. Secretaria: https://wa.me/56962538313 Dr. Julio Rojas: ecografÃ­as ginecolÃ³gicas y obstÃ©tricas. Secretaria: https://wa.me/56968077891 Â¿En quÃ© tipo de ecografÃ­a estÃ¡s interesado? ğŸ˜Š","Â¡SÃ­! Contamos con dos especialistas en ecografÃ­as:

1. **Dr. Hans Reuter**: Realiza todo tipo de ecografÃ­as, excepto ginecolÃ³gicas. Contacta a su secretaria: [AquÃ­](https://wa.me/56962538313).

2. **Dr. Julio Rojas**: Realiza ecografÃ­as obstÃ©tricas y ginecolÃ³gicas. Contacta a su secretaria: [AquÃ­](https://wa.me/56968077891).

Â¿Te gustarÃ­a mÃ¡s informaciÃ³n sobre algÃºn tipo especÃ­fico de ecografÃ­a? ğŸ˜Š",5,"Â¡SÃ­! Gracias a nuevas alianzas, contamos con: Dr. Hans Reuter: todas menos ginecolÃ³gicas. Dr. Julio Rojas: ginecolÃ³gicas y obstÃ©tricas. Â¿En quÃ© tipo de ecografÃ­a estÃ¡s interesado? ğŸ˜Š",4
Â¿QuÃ© incluye el Panel de ETS por PCR?,"Incluye: Chlamydia trachomatis, Neisseria gonorrhoeae, Mycoplasma genitalium, Mycoplasma hominis, Ureaplasma parvum, Ureaplasma urealyticum. Valor: $40.000. ğŸ˜Š","El Panel de ETS por PCR incluye:

- Chlamydia trachomatis
- Neisseria gonorrhoeae
- Mycoplasma genitalium
- Mycoplasma hominis
- Ureaplasma parvum
- Ureaplasma urealyticum

Valor: $40.000. ğŸ˜Š",5,"En Laboratorio Biomed, nuestro Panel ETS o PCR incluye: Chlamydia Trachomatis Neisseria Gonorrhoeae Mycoplasma Genitalium Mycoplasma Hominis Ureaplasma Parvum Ureaplasma Urealyticum",4
Â¿QuÃ© incluye el Panel de ETS por PCR?,"Incluye: Chlamydia trachomatis, Neisseria gonorrhoeae, Mycoplasma genitalium, Mycoplasma hominis, Ureaplasma parvum, Ureaplasma urealyticum. Valor: $40.000. ğŸ˜Š","El Panel de ETS por PCR incluye:

- Chlamydia trachomatis
- Neisseria gonorrhoeae
- Mycoplasma genitalium
- Mycoplasma hominis
- Ureaplasma parvum
- Ureaplasma urealyticum

Valor: $40.000. ğŸ˜Š",5,"En Laboratorio Biomed, nuestro PCR o Panel ETS incluye: Chlamydia Trachomatis Neisseria Gonorrhoeae Mycoplasma Genitalium Mycoplasma Hominis Ureaplasma Parvum Ureaplasma Urealyticum",4
Â¿QuÃ© incluye el Panel de ETS por PCR?,"Incluye: Chlamydia trachomatis, Neisseria gonorrhoeae, Mycoplasma genitalium, Mycoplasma hominis, Ureaplasma parvum, Ureaplasma urealyticum. Valor: $40.000. ğŸ˜Š","El Panel de ETS por PCR incluye:

- Chlamydia trachomatis
- Neisseria gonorrhoeae
- Mycoplasma genitalium
- Mycoplasma hominis
- Ureaplasma parvum
- Ureaplasma urealyticum

Valor: $40.000. ğŸ˜Š",5,"En Laboratorio Biomed, nuestro PCR o Panel ETS incluye: Candida Albicans Chlamydia Trachomatis Gardnerella Vaginalis Mycoplasma Genitalium Mycoplasma Hominis Neisseria Gonorrhoeae Treponema Pallidum Trichomonas Vaginalis Ureaplasma Parvum Ureaplasma Urealyticum",3
Â¿QuÃ© incluye el Panel de ETS por PCR?,"Incluye: Chlamydia trachomatis, Neisseria gonorrhoeae, Mycoplasma genitalium, Mycoplasma hominis, Ureaplasma parvum, Ureaplasma urealyticum. Valor: $40.000. ğŸ˜Š","El Panel de ETS por PCR incluye los siguientes patÃ³genos:

- Chlamydia trachomatis
- Neisseria gonorrhoeae
- Mycoplasma genitalium
- Mycoplasma hominis
- Ureaplasma parvum
- Ureaplasma urealyticum

Valor: $40.000. ğŸ˜Š",5,"En Laboratorio Biomed, nuestro PCR o Panel ETS incluye: Candida Albicans Chlamydia Trachomatis Gardnerella Vaginalis Mycoplasma Genitalium Mycoplasma Hominis Neisseria Gonorrhoeae Trichomonas Vaginalis Ureaplasma Parvum Ureaplasma Urealyticum",3
Â¿DÃ³nde puedo hacerme el Espermiograma y cuÃ¡les son las indicaciones?,"El Espermiograma (EX-216) solo en Sucursal Casa Matriz, lun a vie 07:30 a 10:30. La muestra se toma en la sucursal. Info: +56 65 2 329 400. ğŸ“","El Espermiograma (EX-216) solo se realiza en nuestra Casa Matriz (Benavente 761, Puerto Montt) de lunes a viernes, entre 07:30 y 10:30 horas. La muestra se toma en la sucursal. ğŸ˜Š",5,"El Espermiograma (EX-216) se realiza solo en Casa Matriz (Benavente 761, Puerto Montt) de lun a vie entre 07:30 y 10:30. La muestra se toma en la sucursal. Â¿Puedo ayudarte con algo mÃ¡s? ğŸ˜Š",5
Â¿DÃ³nde puedo hacerme el Espermiograma y cuÃ¡les son las indicaciones?,"El Espermiograma (EX-216) solo en Sucursal Casa Matriz, lun a vie 07:30 a 10:30. La muestra se toma en la sucursal. Info: +56 65 2 329 400. ğŸ“","El Espermiograma (EX-216) solo se realiza en nuestra Casa Matriz (Benavente 761, Puerto Montt) de lunes a viernes, entre 07:30 y 10:30 horas. La muestra se toma en la sucursal. ğŸ˜Š",5,"El Espermiograma (EX-216) se realiza solo en Casa Matriz (Benavente 761, Puerto Montt) de lun a vie 07:30-10:30. La muestra se toma en la sucursal. Â¿Puedo ayudarte con algo mÃ¡s? ğŸ˜Š",5
Â¿DÃ³nde puedo hacerme el Espermiograma y cuÃ¡les son las indicaciones?,"El Espermiograma (EX-216) solo en Sucursal Casa Matriz, lun a vie 07:30 a 10:30. La muestra se toma en la sucursal. Info: +56 65 2 329 400. ğŸ“","El Espermiograma (EX-216) se realiza solo en nuestra Casa Matriz (Benavente 761, Puerto Montt) de lunes a viernes, entre 07:30 y 10:30 horas. La muestra se toma en la sucursal. ğŸ˜Š",5,"El Espermiograma (EX-216) se realiza solo en Casa Matriz (Benavente 761, Puerto Montt) de lun a vie 07:30-10:30. La muestra se toma en la sucursal. Â¿Puedo ayudarte con algo mÃ¡s? ğŸ˜Š",5
Â¿DÃ³nde puedo hacerme el Espermiograma y cuÃ¡les son las indicaciones?,"El Espermiograma (EX-216) solo en Sucursal Casa Matriz, lun a vie 07:30 a 10:30. La muestra se toma en la sucursal. Info: +56 65 2 329 400. ğŸ“","El Espermiograma (EX-216) se realiza solo en nuestra Casa Matriz (Benavente 761, Puerto Montt) de lunes a viernes, entre 07:30 y 10:30 horas. La muestra se toma en la sucursal. ğŸ˜Š",5,"El Espermiograma (EX-216) se realiza solo en Casa Matriz (Benavente 761, Puerto Montt), lun a vie 07:30-10:30. La muestra se toma en la sucursal. Â¿Puedo ayudarte con algo mÃ¡s? ğŸ˜Š",5
Â¿En quÃ© sucursal puedo hacerme un Electrocardiograma?,"Electrocardiograma sin agendar: Casa Matriz: Benavente 761, Puerto Montt Centro Puerto Montt: Benavente 474 Puerto Varas: Pio Nono 426 Â¿Alguna otra duda? ğŸ˜Š","Puedes realizar un Electrocardiograma sin agendar en las siguientes sucursales:

1. **Sucursal Casa Matriz**: Benavente 761, Puerto Montt
2. **Sucursal Centro Puerto Montt**: Benavente 474
3. **Sucursal Puerto Varas**: Pio Nono 426

Â¿Necesitas mÃ¡s informaciÃ³n? ğŸ˜Š",5,"Electrocardiograma sin agendar: Casa Matriz (Benavente 761, Puerto Montt), Centro Puerto Montt (Benavente 474), Puerto Varas (Pio Nono 426). Â¿Puedo ayudarte con algo mÃ¡s? ğŸ˜Š",5
Â¿En quÃ© sucursal puedo hacerme un Electrocardiograma?,"Electrocardiograma sin agendar: Casa Matriz: Benavente 761, Puerto Montt Centro Puerto Montt: Benavente 474 Puerto Varas: Pio Nono 426 Â¿Alguna otra duda? ğŸ˜Š","Puedes realizar un Electrocardiograma sin necesidad de agendar en las siguientes sucursales:

1. Casa Matriz: Benavente 761, Puerto Montt
2. Sucursal Centro Puerto Montt: Benavente 474
3. Sucursal Puerto Varas: Pio Nono 426

Â¿Necesitas mÃ¡s informaciÃ³n? ğŸ˜Š",5,"Electrocardiograma sin agendar: Casa Matriz (Benavente 761, Puerto Montt), Sucursal Centro (Benavente 474, Puerto Montt) y Puerto Varas (Pio Nono 426). Â¿Puedo ayudarte con algo mÃ¡s? ğŸ˜Š",5
Â¿En quÃ© sucursal puedo hacerme un Electrocardiograma?,"Electrocardiograma sin agendar: Casa Matriz: Benavente 761, Puerto Montt Centro Puerto Montt: Benavente 474 Puerto Varas: Pio Nono 426 Â¿Alguna otra duda? ğŸ˜Š","Puedes realizar un Electrocardiograma sin agendar en las siguientes sucursales:

1. Casa Matriz: Benavente 761, Puerto Montt
2. Sucursal Centro Puerto Montt: Benavente 474
3. Sucursal Puerto Varas: Pio Nono 426

Â¿Necesitas mÃ¡s informaciÃ³n? ğŸ˜Š",5,"Electrocardiograma sin agendar: Casa Matriz (Benavente 761, Puerto Montt), Centro Puerto Montt (Benavente 474), Puerto Varas (Pio Nono 426). Â¿Puedo ayudarte con algo mÃ¡s? ğŸ˜Š",5
Â¿En quÃ© sucursal puedo hacerme un Electrocardiograma?,"Electrocardiograma sin agendar: Casa Matriz: Benavente 761, Puerto Montt Centro Puerto Montt: Benavente 474 Puerto Varas: Pio Nono 426 Â¿Alguna otra duda? ğŸ˜Š","Puedes hacerte un Electrocardiograma sin agendar en las siguientes sucursales:

1. **Casa Matriz**: Benavente 761, Puerto Montt
2. **Sucursal Centro Puerto Montt**: Benavente 474, Puerto Montt
3. **Sucursal Puerto Varas**: Pio Nono 426, Puerto Varas

Â¿Te puedo ayudar con algo mÃ¡s? ğŸ˜Š",5,"El Electrocardiograma se realiza en todas nuestras sucursales: Casa Matriz (Puerto Montt), Centro Puerto Montt y Puerto Varas. No requiere agendamiento, solo debes acudir por orden de llegada. ğŸ˜Š",4
Â¿Puedo hacerme el examen Listeria Monocytogenes PCR (EX-334) en Fresia?,"No se realiza en Fresia. Puedes hacerlo en Casa Matriz, Sucursal Centro o Puerto Varas. Â¿Te ayudo con algo mÃ¡s? ğŸ˜Š","No se realiza en Fresia. Puedes hacerlo en Casa Matriz, Sucursal Centro o Puerto Varas. Â¿Te ayudo con algo mÃ¡s? ğŸ˜Š",5,No se realiza en Fresia. Puedes hacerlo en Casa Matriz (Puerto Montt) o Sucursal Centro (Puerto Montt). Â¿Te ayudo con algo mÃ¡s? ğŸ˜Š,5
Â¿Puedo hacerme el examen Listeria Monocytogenes PCR (EX-334) en Fresia?,"No se realiza en Fresia. Puedes hacerlo en Casa Matriz, Sucursal Centro o Puerto Varas. Â¿Te ayudo con algo mÃ¡s? ğŸ˜Š","No se realiza en Fresia. Puedes hacerlo en Casa Matriz, Sucursal Centro o Puerto Varas. Â¿Te ayudo con algo mÃ¡s? ğŸ˜Š",5,"No se realiza en Fresia. Puedes hacerlo en Casa Matriz, Sucursal Centro o Puerto Varas. Â¿Te ayudo con algo mÃ¡s? ğŸ˜Š",5
Â¿Puedo hacerme el examen Listeria Monocytogenes PCR (EX-334) en Fresia?,"No se realiza en Fresia. Puedes hacerlo en Casa Matriz, Sucursal Centro o Puerto Varas. Â¿Te ayudo con algo mÃ¡s? ğŸ˜Š","No se realiza en Fresia. Puedes hacerlo en Casa Matriz, Sucursal Centro o Puerto Varas. Â¿Te ayudo con algo mÃ¡s? ğŸ˜Š",5,"No se realiza en Fresia. Puedes hacerlo en Casa Matriz, Sucursal Centro o Puerto Varas. Â¿Te ayudo con algo mÃ¡s? ğŸ˜Š",5
Â¿Puedo hacerme el examen Listeria Monocytogenes PCR (EX-334) en Fresia?,"No se realiza en Fresia. Puedes hacerlo en Casa Matriz, Sucursal Centro o Puerto Varas. Â¿Te ayudo con algo mÃ¡s? ğŸ˜Š","No se realiza en Fresia. Puedes hacerlo en Casa Matriz, Sucursal Centro o Puerto Varas. Â¿Te ayudo con algo mÃ¡s? ğŸ˜Š",5,No se realiza en Fresia. Puedes hacerlo en Casa Matriz (Puerto Montt) o Sucursal Centro (Puerto Montt). Â¿Te ayudo con algo mÃ¡s? ğŸ˜Š,5
"Hola, Â¿realizan el examen de Perfil GenÃ©tico Avanzado?",ContÃ¡ctanos al WhatsApp +56 9 4571 1542 para mÃ¡s informaciÃ³n. ğŸ˜Š,"Para obtener informaciÃ³n sobre el examen de Perfil GenÃ©tico Avanzado, por favor contÃ¡ctanos al WhatsApp +56 9 4571 1542. ğŸ˜Š",5,En este canal no manejamos informaciÃ³n sobre el Perfil GenÃ©tico Avanzado. Por favor escrÃ­benos al WhatsApp +56 9 4571 1542 para que podamos ayudarte. ğŸ˜Š,4
"Hola, Â¿realizan el examen de Perfil GenÃ©tico Avanzado?",ContÃ¡ctanos al WhatsApp +56 9 4571 1542 para mÃ¡s informaciÃ³n. ğŸ˜Š,"Para obtener informaciÃ³n sobre el examen de Perfil GenÃ©tico Avanzado, por favor contÃ¡ctanos al WhatsApp +56 9 4571 1542. ğŸ˜Š",5,En este canal no manejamos informaciÃ³n sobre el Perfil GenÃ©tico Avanzado. Por favor escrÃ­benos al WhatsApp +56 9 4571 1542 para que podamos ayudarte. ğŸ˜Š,4
"Hola, Â¿realizan el examen de Perfil GenÃ©tico Avanzado?",ContÃ¡ctanos al WhatsApp +56 9 4571 1542 para mÃ¡s informaciÃ³n. ğŸ˜Š,"Para obtener informaciÃ³n sobre el examen de Perfil GenÃ©tico Avanzado, por favor contÃ¡ctanos al WhatsApp +56 9 4571 1542. ğŸ˜Š",5,En este canal no manejamos informaciÃ³n sobre el Perfil GenÃ©tico Avanzado. Por favor escrÃ­benos al WhatsApp +56 9 4571 1542 para que podamos ayudarte. ğŸ˜Š,4
"Hola, Â¿realizan el examen de Perfil GenÃ©tico Avanzado?",ContÃ¡ctanos al WhatsApp +56 9 4571 1542 para mÃ¡s informaciÃ³n. ğŸ˜Š,"Para informaciÃ³n sobre el examen de Perfil GenÃ©tico Avanzado, por favor contÃ¡ctanos al WhatsApp +56 9 4571 1542. ğŸ˜Š",5,En este canal no manejamos informaciÃ³n sobre el Perfil GenÃ©tico Avanzado. Por favor escrÃ­benos al WhatsApp +56 9 4571 1542 para que podamos ayudarte. ğŸ˜Š,4
Â¿Realizan ecografÃ­as?,"SÃ­, gracias a nuevas alianzas: Dr. Hans Reuter: todas menos ginecolÃ³gicas. Secretaria: https://wa.me/56962538313 Dr. Julio Rojas: ecografÃ­as ginecolÃ³gicas/obstÃ©tricas. Secretaria: https://wa.me/56968077891 Â¿En quÃ© tipo de ecografÃ­a estÃ¡s interesado? ğŸ˜Š","Â¡SÃ­! Contamos con dos especialistas en ecografÃ­as:

1. **Dr. Hans Reuter**: Realiza todo tipo de ecografÃ­as, excepto ginecolÃ³gicas. Contacta a su secretaria: [AquÃ­](https://wa.me/56962538313).

2. **Dr. Julio Rojas**: Realiza ecografÃ­as obstÃ©tricas y ginecolÃ³gicas. Contacta a su secretaria: [AquÃ­](https://wa.me/56968077891).

Â¿Te gustarÃ­a saber mÃ¡s? ğŸ˜Š",5,"Â¡SÃ­! Gracias a nuevas alianzas, contamos con: Dr. Hans Reuter: todas menos ginecolÃ³gicas. Dr. Julio Rojas: ginecolÃ³gicas y obstÃ©tricas. Â¿En quÃ© tipo de ecografÃ­a estÃ¡s interesado? ğŸ˜Š",5
Â¿Realizan ecografÃ­as?,"SÃ­, gracias a nuevas alianzas: Dr. Hans Reuter: todas menos ginecolÃ³gicas. Secretaria: https://wa.me/56962538313 Dr. Julio Rojas: ecografÃ­as ginecolÃ³gicas/obstÃ©tricas. Secretaria: https://wa.me/56968077891 Â¿En quÃ© tipo de ecografÃ­a estÃ¡s interesado? ğŸ˜Š","Â¡SÃ­! Contamos con dos especialistas en ecografÃ­as:

1. **Dr. Hans Reuter**: Realiza todo tipo de ecografÃ­as, excepto ginecolÃ³gicas. Contacta a su secretaria: [AquÃ­](https://wa.me/56962538313).
   
2. **Dr. Julio Rojas**: Realiza ecografÃ­as obstÃ©tricas y ginecolÃ³gicas. Contacta a su secretaria: [AquÃ­](https://wa.me/56968077891).

Â¿Te gustarÃ­a saber mÃ¡s sobre algÃºn tipo de ecografÃ­a en particular? ğŸ˜Š",5,"Â¡SÃ­! Gracias a nuevas alianzas, contamos con: Dr. Hans Reuter: todas menos ginecolÃ³gicas. Dr. Julio Rojas: ginecolÃ³gicas y obstÃ©tricas. Â¿En quÃ© tipo de ecografÃ­a estÃ¡s interesado? ğŸ˜Š",4
Â¿Realizan ecografÃ­as?,"SÃ­, gracias a nuevas alianzas: Dr. Hans Reuter: todas menos ginecolÃ³gicas. Secretaria: https://wa.me/56962538313 Dr. Julio Rojas: ecografÃ­as ginecolÃ³gicas/obstÃ©tricas. Secretaria: https://wa.me/56968077891 Â¿En quÃ© tipo de ecografÃ­a estÃ¡s interesado? ğŸ˜Š","Â¡SÃ­! Contamos con dos especialistas en ecografÃ­as:

1. **Dr. Hans Reuter**: Realiza todo tipo de ecografÃ­as, excepto ginecolÃ³gicas. Contacta a su secretaria: [aquÃ­](https://wa.me/56962538313).

2. **Dr. Julio Rojas**: Realiza ecografÃ­as obstÃ©tricas y ginecolÃ³gicas. Contacta a su secretaria: [aquÃ­](https://wa.me/56968077891).

Â¿Te gustarÃ­a mÃ¡s informaciÃ³n sobre algÃºn tipo de ecografÃ­a? ğŸ˜Š",5,"Â¡SÃ­! Gracias a nuevas alianzas, contamos con: Dr. Hans Reuter: todas menos ginecolÃ³gicas. Dr. Julio Rojas: ginecolÃ³gicas y obstÃ©tricas. Â¿En quÃ© tipo de ecografÃ­a estÃ¡s interesado? ğŸ˜Š",5
Â¿Realizan ecografÃ­as?,"SÃ­, gracias a nuevas alianzas: Dr. Hans Reuter: todas menos ginecolÃ³gicas. Secretaria: https://wa.me/56962538313 Dr. Julio Rojas: ecografÃ­as ginecolÃ³gicas/obstÃ©tricas. Secretaria: https://wa.me/56968077891 Â¿En quÃ© tipo de ecografÃ­a estÃ¡s interesado? ğŸ˜Š","Â¡SÃ­! Contamos con dos especialistas en ecografÃ­as:

1. **Dr. Hans Reuter**: Realiza todo tipo de ecografÃ­as, excepto ginecolÃ³gicas. Contacta a su secretaria aquÃ­: [https://wa.me/56962538313](https://wa.me/56962538313).

2. **Dr. Julio Rojas**: Realiza ecografÃ­as obstÃ©tricas y ginecolÃ³gicas. Contacta a su secretaria aquÃ­: [https://wa.me/56968077891](https://wa.me/56968077891).

Â¿Te gustarÃ­a mÃ¡s informaciÃ³n? ğŸ˜Š",5,Â¡SÃ­! Gracias a nuevas alianzas: Dr. Hans Reuter: todas menos ginecolÃ³gicas. Secretaria: https://wa.me/56962538313 Dr. Julio Rojas: ginecolÃ³gicas y obstÃ©tricas. Secretaria: https://wa.me/56968077891 Â¿En quÃ© tipo de ecografÃ­a estÃ¡s interesado? ğŸ˜Š,4
"Hola, Â¿cuÃ¡les son los horarios de la sucursal TME USS Puerto Montt?","En TME USS (Lago Panguipulli 1390), lun a vie toma de muestras 08:00-12:30, atenciÃ³n cliente 08:30-13:00. Â¿Puedo ayudarte en algo mÃ¡s? ğŸ˜Š","En TME USS (Lago Panguipulli 1390), los horarios son:  
Lunes a viernes:  
- Toma de muestras: 08:00 - 12:30  
- AtenciÃ³n al cliente: 08:30 - 13:00  

Â¿Puedo ayudarte con algo mÃ¡s? ğŸ˜Š",5,"En TME USS (Lago Panguipulli 1390), lun a vie toma de muestras 08:00-12:30, atenciÃ³n hasta 13:00. Â¿Puedo ayudarte en algo mÃ¡s? ğŸ˜Š",5
"Hola, Â¿cuÃ¡les son los horarios de la sucursal TME USS Puerto Montt?","En TME USS (Lago Panguipulli 1390), lun a vie toma de muestras 08:00-12:30, atenciÃ³n cliente 08:30-13:00. Â¿Puedo ayudarte en algo mÃ¡s? ğŸ˜Š","En TME USS (Lago Panguipulli 1390), los horarios son:
Lunes a Viernes:
- Toma de muestras: 08:00 a 12:30
- AtenciÃ³n al cliente: 08:30 a 13:00

Â¿Puedo ayudarte con algo mÃ¡s? ğŸ˜Š",5,"En TME USS (Lago Panguipulli 1390), lun a vie toma de muestras 08:00-12:30, atenciÃ³n hasta 13:00. Â¿Puedo ayudarte en algo mÃ¡s? ğŸ˜Š",5
"Hola, Â¿cuÃ¡les son los horarios de la sucursal TME USS Puerto Montt?","En TME USS (Lago Panguipulli 1390), lun a vie toma de muestras 08:00-12:30, atenciÃ³n cliente 08:30-13:00. Â¿Puedo ayudarte en algo mÃ¡s? ğŸ˜Š","En TME USS (Lago Panguipulli 1390), los horarios son:
Lunes a Viernes:
- Toma de muestras: 08:00 a 12:30
- AtenciÃ³n al cliente: 08:30 a 13:00

Â¿Puedo ayudarte en algo mÃ¡s? ğŸ˜Š",5,"TME USS Puerto Montt (Lago Panguipulli 1390): lun a vie toma de muestras 08:00-12:30, atenciÃ³n hasta 13:00. Â¿En quÃ© puedo ayudarte? ğŸ˜Š",5
"Hola, Â¿cuÃ¡les son los horarios de la sucursal TME USS Puerto Montt?","En TME USS (Lago Panguipulli 1390), lun a vie toma de muestras 08:00-12:30, atenciÃ³n cliente 08:30-13:00. Â¿Puedo ayudarte en algo mÃ¡s? ğŸ˜Š","En TME USS (Lago Panguipulli 1390), los horarios son:
- Lunes a Viernes:
  - Toma de muestras: 08:00 a 12:30
  - AtenciÃ³n al cliente: 08:30 a 13:00
Â¿Puedo ayudarte con algo mÃ¡s? ğŸ˜Š",5,"TME USS (Lago Panguipulli 1390): lun a vie toma de muestras 08:00-12:30, atenciÃ³n hasta 13:00. Â¿En quÃ© puedo ayudarte? ğŸ˜Š",5
Â¿Me puedes decir los horarios de la sucursal Fresia?,"Sucursal Fresia (San JosÃ© 32), lun a vie toma de muestras y atenciÃ³n: 08:00-15:00. ğŸ˜Š","Sucursal Fresia (San JosÃ© 32):  
Lunes a Viernes: Toma de muestras y atenciÃ³n de 08:00 a 15:00. ğŸ˜Š",5,Sucursal Fresia (San JosÃ© 32): lun a vie toma de muestras y atenciÃ³n 08:00-15:00. Â¿En quÃ© puedo ayudarte? ğŸ˜Š,5
Â¿Me puedes decir los horarios de la sucursal Fresia?,"Sucursal Fresia (San JosÃ© 32), lun a vie toma de muestras y atenciÃ³n: 08:00-15:00. ğŸ˜Š","Claro, los horarios de la Sucursal Fresia (San JosÃ© 32) son de lunes a viernes, tanto para toma de muestras como atenciÃ³n, de 08:00 a 15:00. ğŸ˜Š Â¿Puedo ayudarte en algo mÃ¡s?",5,Sucursal Fresia (San JosÃ© 32): lun a vie toma de muestras y atenciÃ³n 08:00-15:00. Â¿En quÃ© puedo ayudarte? ğŸ˜Š,5
Â¿Me puedes decir los horarios de la sucursal Fresia?,"Sucursal Fresia (San JosÃ© 32), lun a vie toma de muestras y atenciÃ³n: 08:00-15:00. ğŸ˜Š","Sucursal Fresia (San JosÃ© 32):  
Lunes a Viernes: Toma de muestras y atenciÃ³n de 08:00 a 15:00. ğŸ˜Š",5,Sucursal Fresia (San JosÃ© 32): lun a vie toma de muestras y atenciÃ³n 08:00-15:00. Â¿En quÃ© puedo ayudarte? ğŸ˜Š,5
Â¿Me puedes decir los horarios de la sucursal Fresia?,"Sucursal Fresia (San JosÃ© 32), lun a vie toma de muestras y atenciÃ³n: 08:00-15:00. ğŸ˜Š","Â¡Claro! En la Sucursal Fresia (San JosÃ© 32), el horario es de lunes a viernes, tanto para toma de muestras como atenciÃ³n, de 08:00 a 15:00. ğŸ˜Š Â¿Puedo ayudarte con algo mÃ¡s?",5,Sucursal Fresia (San JosÃ© 32): lun a vie toma de muestras y atenciÃ³n 08:00-15:00. Â¿En quÃ© puedo ayudarte? ğŸ˜Š,5
"Hola, Â¿cuÃ¡les son los horarios de la sucursal Puerto Varas?","Puerto Varas (Pio Nono 426): lun a vie toma de muestras 07:30-15:30, atenciÃ³n hasta 16:30; sÃ¡b toma de muestras hasta 11:30, atenciÃ³n hasta 13:00. ğŸ˜Š","Â¡Hola! En la Sucursal Puerto Varas (Pio Nono 426), los horarios son:

Lunes a Viernes:
- Toma de muestras: 07:30 a 15:30
- AtenciÃ³n al cliente: 07:30 a 16:30

SÃ¡bado:
- Toma de muestras: 08:00 a 11:30
- AtenciÃ³n al cliente: 08:00 a 13:00

Â¿Puedo ayudarte con algo mÃ¡s? ğŸ˜Š",4,"Puerto Varas (Pio Nono 426): lun a vie toma de muestras 07:30-15:30, atenciÃ³n hasta 16:30; sÃ¡b toma de muestras hasta 11:30, atenciÃ³n hasta 13:00. Â¿En quÃ© puedo ayudarte? ğŸ˜Š",5
"Hola, Â¿cuÃ¡les son los horarios de la sucursal Puerto Varas?","Puerto Varas (Pio Nono 426): lun a vie toma de muestras 07:30-15:30, atenciÃ³n hasta 16:30; sÃ¡b toma de muestras hasta 11:30, atenciÃ³n hasta 13:00. ğŸ˜Š","Â¡Hola! En la Sucursal Puerto Varas (Pio Nono 426), los horarios son:

Lunes a Viernes:
- Toma de muestras: 07:30 a 15:30
- AtenciÃ³n al cliente: 07:30 a 16:30

SÃ¡bado:
- Toma de muestras: 08:00 a 11:30
- AtenciÃ³n al cliente: 08:00 a 13:00

Â¿Puedo ayudarte con algo mÃ¡s? ğŸ˜Š",4,"Puerto Varas (Pio Nono 426): lun a vie toma de muestras 07:30-15:30, atenciÃ³n hasta 16:30; sÃ¡b toma de muestras hasta 11:30, atenciÃ³n hasta 13:00. Â¿En quÃ© puedo ayudarte? ğŸ˜Š",5
"Hola, Â¿cuÃ¡les son los horarios de la sucursal Puerto Varas?","Puerto Varas (Pio Nono 426): lun a vie toma de muestras 07:30-15:30, atenciÃ³n hasta 16:30; sÃ¡b toma de muestras hasta 11:30, atenciÃ³n hasta 13:00. ğŸ˜Š","Â¡Hola! En la Sucursal Puerto Varas (Pio Nono 426), los horarios son:

- Lunes a Viernes:
  - Toma de muestras: 07:30 a 15:30
  - AtenciÃ³n al cliente: 07:30 a 16:30
- SÃ¡bado:
  - Toma de muestras: 08:00 a 11:30
  - AtenciÃ³n al cliente: 08:00 a 13:00

Â¿Puedo ayudarte con algo mÃ¡s? ğŸ˜Š",4,"Puerto Varas (Pio Nono 426): lun a vie toma de muestras 07:30-15:30, atenciÃ³n hasta 16:30; sÃ¡b toma de muestras hasta 11:30, atenciÃ³n hasta 13:00. Â¿Puedo ayudarte en algo mÃ¡s? ğŸ˜Š",5
"Hola, Â¿cuÃ¡les son los horarios de la sucursal Puerto Varas?","Puerto Varas (Pio Nono 426): lun a vie toma de muestras 07:30-15:30, atenciÃ³n hasta 16:30; sÃ¡b toma de muestras hasta 11:30, atenciÃ³n hasta 13:00. ğŸ˜Š","Â¡Hola! Los horarios de la Sucursal Puerto Varas (Pio Nono 426) son:

**Lunes a Viernes:**
- Toma de muestras: 07:30 a 15:30
- AtenciÃ³n al cliente: 07:30 a 16:30

**SÃ¡bado:**
- Toma de muestras: 08:00 a 11:30
- AtenciÃ³n al cliente: 08:00 a 13:00

Â¿Puedo ayudarte con algo mÃ¡s? ğŸ˜Š",4,"Puerto Varas (Pio Nono 426): lun a vie toma de muestras 07:30-15:30, atenciÃ³n hasta 16:30; sÃ¡b toma de muestras hasta 11:30, atenciÃ³n hasta 13:00. Â¿En quÃ© puedo ayudarte? ğŸ˜Š",5
"Hola, quiero saber el horario completo de la Casa Matriz, no sÃ© si necesito toma de muestra o atenciÃ³n al cliente.","Casa Matriz (Benavente 761, Puerto Montt): Lun a vie: toma de muestras 07:30-16:30, atenciÃ³n 07:30-17:00. SÃ¡b: toma de muestras 08:00-12:30, atenciÃ³n 08:00-13:00. ğŸ˜Š","Casa Matriz (Benavente 761, Puerto Montt):
- Lunes a viernes: 
  - Toma de muestras: 07:30 a 16:30
  - AtenciÃ³n al cliente: 07:30 a 17:00
- SÃ¡bado:
  - Toma de muestras: 08:00 a 12:30
  - AtenciÃ³n al cliente: 08:00 a 13:00

Â¿Te puedo ayudar en algo mÃ¡s? ğŸ˜Š",5,"Casa Matriz (Benavente 761, Puerto Montt): lun a vie toma de muestras 07:30-16:30, atenciÃ³n hasta 17:00; sÃ¡b toma de muestras hasta 12:30, atenciÃ³n hasta 13:00. Â¿En quÃ© puedo ayudarte? ğŸ˜Š",5
"Hola, quiero saber el horario completo de la Casa Matriz, no sÃ© si necesito toma de muestra o atenciÃ³n al cliente.","Casa Matriz (Benavente 761, Puerto Montt): Lun a vie: toma de muestras 07:30-16:30, atenciÃ³n 07:30-17:00. SÃ¡b: toma de muestras 08:00-12:30, atenciÃ³n 08:00-13:00. ğŸ˜Š","Casa Matriz (Benavente 761, Puerto Montt):
Lunes a Viernes:
- Toma de muestras: 07:30 a 16:30
- AtenciÃ³n al cliente: 07:30 a 17:00

SÃ¡bado:
- Toma de muestras: 08:00 a 12:30
- AtenciÃ³n al cliente: 08:00 a 13:00

Â¿Puedo ayudarte en algo mÃ¡s? ğŸ˜Š",5,"Casa Matriz (Benavente 761, Puerto Montt): lun a vie toma de muestras 07:30-16:30, atenciÃ³n hasta 17:00; sÃ¡b toma de muestras hasta 12:30, atenciÃ³n hasta 13:00. Â¿En quÃ© puedo ayudarte? ğŸ˜Š",5
"Hola, quiero saber el horario completo de la Casa Matriz, no sÃ© si necesito toma de muestra o atenciÃ³n al cliente.","Casa Matriz (Benavente 761, Puerto Montt): Lun a vie: toma de muestras 07:30-16:30, atenciÃ³n 07:30-17:00. SÃ¡b: toma de muestras 08:00-12:30, atenciÃ³n 08:00-13:00. ğŸ˜Š","Casa Matriz (Benavente 761, Puerto Montt):
Lun a vie: toma de muestras 07:30-16:30, atenciÃ³n 07:30-17:00.
SÃ¡b: toma de muestras 08:00-12:30, atenciÃ³n 08:00-13:00. ğŸ˜Š",5,"Casa Matriz (Benavente 761, Puerto Montt): lun a vie toma de muestras 07:30-16:30, atenciÃ³n hasta 17:00; sÃ¡b toma de muestras hasta 12:30, atenciÃ³n hasta 13:00. Â¿En quÃ© puedo ayudarte? ğŸ˜Š",5
"Hola, quiero saber el horario completo de la Casa Matriz, no sÃ© si necesito toma de muestra o atenciÃ³n al cliente.","Casa Matriz (Benavente 761, Puerto Montt): Lun a vie: toma de muestras 07:30-16:30, atenciÃ³n 07:30-17:00. SÃ¡b: toma de muestras 08:00-12:30, atenciÃ³n 08:00-13:00. ğŸ˜Š","Casa Matriz (Benavente 761, Puerto Montt):
Lun a vie: toma de muestras 07:30-16:30, atenciÃ³n 07:30-17:00.
SÃ¡b: toma de muestras 08:00-12:30, atenciÃ³n 08:00-13:00. ğŸ˜Š",5,"Casa Matriz (Benavente 761, Puerto Montt): lun a vie toma de muestras 07:30-16:30, atenciÃ³n hasta 17:00; sÃ¡b toma de muestras hasta 12:30, atenciÃ³n hasta 13:00. Â¿En quÃ© puedo ayudarte? ğŸ˜Š",5
"Hola, Â¿cuÃ¡l es el horario completo de la Sucursal Centro Puerto Montt?","Sucursal Centro (Benavente 474): Lun a vie: toma de muestras 07:30-16:00, atenciÃ³n hasta 16:30. SÃ¡b: toma de muestras hasta 12:30, atenciÃ³n hasta 13:00. Â¿En quÃ© puedo ayudarte? ğŸ˜Š","Sucursal Centro (Benavente 474, Puerto Montt):  
Lun a vie: toma de muestras 07:30-16:00, atenciÃ³n hasta 16:30.  
SÃ¡b: toma de muestras hasta 12:30, atenciÃ³n hasta 13:00. ğŸ˜Š",5,"Sucursal Centro (Benavente 474): lun a vie toma de muestras 07:30-16:00, atenciÃ³n hasta 16:30; sÃ¡b toma de muestras hasta 12:30, atenciÃ³n hasta 13:00. Â¿En quÃ© puedo ayudarte? ğŸ˜Š",5
"Hola, Â¿cuÃ¡l es el horario completo de la Sucursal Centro Puerto Montt?","Sucursal Centro (Benavente 474): Lun a vie: toma de muestras 07:30-16:00, atenciÃ³n hasta 16:30. SÃ¡b: toma de muestras hasta 12:30, atenciÃ³n hasta 13:00. Â¿En quÃ© puedo ayudarte? ğŸ˜Š","Â¡Hola! El horario de la Sucursal Centro Puerto Montt (Benavente 474) es:

- Lunes a Viernes:
  - Toma de muestras: 07:30 a 16:00
  - AtenciÃ³n al cliente: 07:30 a 16:30

- SÃ¡bado:
  - Toma de muestras: 08:00 a 12:30
  - AtenciÃ³n al cliente: 08:00 a 13:00

Â¿Puedo ayudarte en algo mÃ¡s? ğŸ˜Š",4,"Sucursal Centro (Benavente 474): lun a vie toma de muestras 07:30-16:00, atenciÃ³n hasta 16:30; sÃ¡b toma de muestras hasta 12:30, atenciÃ³n hasta 13:00. Â¿En quÃ© puedo ayudarte? ğŸ˜Š",5
"Hola, Â¿cuÃ¡l es el horario completo de la Sucursal Centro Puerto Montt?","Sucursal Centro (Benavente 474): Lun a vie: toma de muestras 07:30-16:00, atenciÃ³n hasta 16:30. SÃ¡b: toma de muestras hasta 12:30, atenciÃ³n hasta 13:00. Â¿En quÃ© puedo ayudarte? ğŸ˜Š","Sucursal Centro (Benavente 474, Puerto Montt):  
Lunes a viernes: toma de muestras 07:30-16:00, atenciÃ³n hasta 16:30.  
SÃ¡bado: toma de muestras hasta 12:30, atenciÃ³n hasta 13:00. ğŸ˜Š",5,"Sucursal Centro (Benavente 474): lun a vie toma de muestras 07:30-16:00, atenciÃ³n hasta 16:30; sÃ¡b toma de muestras hasta 12:30, atenciÃ³n hasta 13:00. Â¿En quÃ© puedo ayudarte? ğŸ˜Š",5
"Hola, Â¿cuÃ¡l es el horario completo de la Sucursal Centro Puerto Montt?","Sucursal Centro (Benavente 474): Lun a vie: toma de muestras 07:30-16:00, atenciÃ³n hasta 16:30. SÃ¡b: toma de muestras hasta 12:30, atenciÃ³n hasta 13:00. Â¿En quÃ© puedo ayudarte? ğŸ˜Š","Sucursal Centro (Benavente 474, Puerto Montt):  
Lunes a viernes: toma de muestras 07:30-16:00, atenciÃ³n hasta 16:30.  
SÃ¡bado: toma de muestras hasta 12:30, atenciÃ³n hasta 13:00. ğŸ˜Š",5,"Sucursal Centro (Benavente 474): lun a vie toma de muestras 07:30-16:00, atenciÃ³n hasta 16:30; sÃ¡b toma de muestras hasta 12:30, atenciÃ³n hasta 13:00. Â¿En quÃ© puedo ayudarte? ğŸ˜Š",5
"Hola, Â¿puedo saber el horario completo de TME USS Puerto Montt?","TME USS (Lago Panguipulli 1390): Lun a vie: toma de muestras 08:00-12:30, atenciÃ³n 08:30-13:00. Â¿Algo mÃ¡s? ğŸ˜Š","TME USS (Lago Panguipulli 1390):  
Lunes a viernes:  
- Toma de muestras: 08:00-12:30  
- AtenciÃ³n al cliente: 08:30-13:00  

Â¿Puedo ayudarte con algo mÃ¡s? ğŸ˜Š",5,"TME USS (Lago Panguipulli 1390): lun a vie toma de muestras 08:00-12:30, atenciÃ³n hasta 13:00. Â¿En quÃ© puedo ayudarte? ğŸ˜Š",4
"Hola, Â¿puedo saber el horario completo de TME USS Puerto Montt?","TME USS (Lago Panguipulli 1390): Lun a vie: toma de muestras 08:00-12:30, atenciÃ³n 08:30-13:00. Â¿Algo mÃ¡s? ğŸ˜Š","Â¡Hola! En TME USS (Lago Panguipulli 1390), el horario es de lunes a viernes: toma de muestras de 08:00 a 12:30 y atenciÃ³n al cliente de 08:30 a 13:00. Â¿Puedo ayudarte en algo mÃ¡s? ğŸ˜Š",5,"En TME USS (Lago Panguipulli 1390): lun a vie toma de muestras 08:00-12:30, atenciÃ³n hasta 13:00. Â¿En quÃ© puedo ayudarte? ğŸ˜Š",5
"Hola, Â¿puedo saber el horario completo de TME USS Puerto Montt?","TME USS (Lago Panguipulli 1390): Lun a vie: toma de muestras 08:00-12:30, atenciÃ³n 08:30-13:00. Â¿Algo mÃ¡s? ğŸ˜Š","TME USS (Lago Panguipulli 1390):  
Lunes a viernes:  
- Toma de muestras: 08:00-12:30  
- AtenciÃ³n al cliente: 08:30-13:00  

Â¿Puedo ayudarte en algo mÃ¡s? ğŸ˜Š",5,"TME USS (Lago Panguipulli 1390): lun a vie toma de muestras 08:00-12:30, atenciÃ³n hasta 13:00. Â¿En quÃ© puedo ayudarte? ğŸ˜Š",4
"Hola, Â¿puedo saber el horario completo de TME USS Puerto Montt?","TME USS (Lago Panguipulli 1390): Lun a vie: toma de muestras 08:00-12:30, atenciÃ³n 08:30-13:00. Â¿Algo mÃ¡s? ğŸ˜Š","Â¡Hola! En TME USS (Lago Panguipulli 1390), el horario es:

- Lunes a Viernes:
  - Toma de muestras: 08:00 a 12:30
  - AtenciÃ³n al cliente: 08:30 a 13:00

Â¿Puedo ayudarte con algo mÃ¡s? ğŸ˜Š",5,"TME USS (Lago Panguipulli 1390): lun a vie toma de muestras 08:00-12:30, atenciÃ³n hasta 13:00. Â¿En quÃ© puedo ayudarte? ğŸ˜Š",5
Â¿Puedo tomarme los exÃ¡menes en mi casa?,"Â¡Claro! Para coordinar la toma de tus exÃ¡menes mÃ©dicos a domicilio, por favor completa este formulario: https://forms.gle/4tY2SBGCFVtTVGh3A Nuestro equipo se pondrÃ¡ en contacto para brindarte toda la asistencia que necesites. ğŸ ","Â¡Claro! Para coordinar la toma de tus exÃ¡menes mÃ©dicos a domicilio, por favor completa este formulario: [ExÃ¡menes a Domicilio](https://forms.gle/4tY2SBGCFVtTVGh3A). Nuestro equipo se pondrÃ¡ en contacto para brindarte toda la asistencia que necesites. ğŸ ",5,"Â¡Claro! Para coordinar la toma de tus exÃ¡menes mÃ©dicos a domicilio, por favor completa este formulario: https://forms.gle/4tY2SBGCFVtTVGh3A. Nuestro equipo se pondrÃ¡ en contacto contigo. ğŸ ",5
Â¿Puedo tomarme los exÃ¡menes en mi casa?,"Â¡Claro! Para coordinar la toma de tus exÃ¡menes mÃ©dicos a domicilio, por favor completa este formulario: https://forms.gle/4tY2SBGCFVtTVGh3A Nuestro equipo se pondrÃ¡ en contacto para brindarte toda la asistencia que necesites. ğŸ ","Â¡Claro! Para coordinar la toma de tus exÃ¡menes mÃ©dicos a domicilio, por favor completa este formulario: [Formulario a Domicilio](https://forms.gle/4tY2SBGCFVtTVGh3A). Nuestro equipo se pondrÃ¡ en contacto para brindarte toda la asistencia que necesites. ğŸ ",5,"Â¡Claro! Para coordinar la toma de tus exÃ¡menes mÃ©dicos a domicilio, por favor completa este formulario: https://forms.gle/4tY2SBGCFVtTVGh3A. Nuestro equipo se pondrÃ¡ en contacto contigo. ğŸ ",5
Â¿Puedo tomarme los exÃ¡menes en mi casa?,"Â¡Claro! Para coordinar la toma de tus exÃ¡menes mÃ©dicos a domicilio, por favor completa este formulario: https://forms.gle/4tY2SBGCFVtTVGh3A Nuestro equipo se pondrÃ¡ en contacto para brindarte toda la asistencia que necesites. ğŸ ","Â¡Claro! Para coordinar la toma de tus exÃ¡menes mÃ©dicos a domicilio, por favor completa este formulario: [Toma de ExÃ¡menes a Domicilio](https://forms.gle/4tY2SBGCFVtTVGh3A). Nuestro equipo se pondrÃ¡ en contacto para brindarte toda la asistencia que necesites. ğŸ ",5,"Â¡Claro! Para coordinar la toma de tus exÃ¡menes mÃ©dicos a domicilio, por favor completa este formulario: https://forms.gle/4tY2SBGCFVtTVGh3A. Nuestro equipo se pondrÃ¡ en contacto contigo. ğŸ ",5
Â¿Puedo tomarme los exÃ¡menes en mi casa?,"Â¡Claro! Para coordinar la toma de tus exÃ¡menes mÃ©dicos a domicilio, por favor completa este formulario: https://forms.gle/4tY2SBGCFVtTVGh3A Nuestro equipo se pondrÃ¡ en contacto para brindarte toda la asistencia que necesites. ğŸ ","Â¡Claro! Para coordinar la toma de tus exÃ¡menes mÃ©dicos a domicilio, por favor completa este formulario: [ExÃ¡menes a Domicilio](https://forms.gle/4tY2SBGCFVtTVGh3A). Nuestro equipo se pondrÃ¡ en contacto para brindarte toda la asistencia que necesites. ğŸ ",5,"Â¡Claro! Para coordinar la toma de tus exÃ¡menes mÃ©dicos a domicilio, por favor completa este formulario: https://forms.gle/4tY2SBGCFVtTVGh3A. Nuestro equipo se pondrÃ¡ en contacto contigo. ğŸ ",5
"Hola, quiero agendar un espermiograma.","El espermiograma (EX-216) se realiza solo en nuestra Casa Matriz (Benavente 761, Puerto Montt) de lunes a viernes, entre 07:30 y 10:30 horas. No requiere agendamiento; puedes acudir directamente en ese horario. ğŸ˜Š","El espermiograma (EX-216) se realiza solo en nuestra Casa Matriz (Benavente 761, Puerto Montt) de lunes a viernes, entre 07:30 y 10:30 horas. No requiere agendamiento; puedes acudir directamente en ese horario. ğŸ˜Š",5,"El espermiograma (EX-216) se realiza solo en Casa Matriz (Benavente 761, Puerto Montt) lun a vie 07:30-10:30. No requiere agendamiento; puedes acudir directamente en ese horario. ğŸ˜Š",5
"Hola, quiero agendar un espermiograma.","El espermiograma (EX-216) se realiza solo en nuestra Casa Matriz (Benavente 761, Puerto Montt) de lunes a viernes, entre 07:30 y 10:30 horas. No requiere agendamiento; puedes acudir directamente en ese horario. ğŸ˜Š","El espermiograma (EX-216) se realiza solo en nuestra Casa Matriz (Benavente 761, Puerto Montt) de lunes a viernes, entre 07:30 y 10:30 horas. No requiere agendamiento; puedes acudir directamente en ese horario. ğŸ˜Š",5,"El espermiograma (EX-216) se realiza solo en Casa Matriz (Benavente 761, Puerto Montt) lun a vie 07:30-10:30. No requiere agendamiento; puedes acudir directamente en ese horario. ğŸ˜Š",5
"Hola, quiero agendar un espermiograma.","El espermiograma (EX-216) se realiza solo en nuestra Casa Matriz (Benavente 761, Puerto Montt) de lunes a viernes, entre 07:30 y 10:30 horas. No requiere agendamiento; puedes acudir directamente en ese horario. ğŸ˜Š","El espermiograma (EX-216) se realiza solo en nuestra Casa Matriz (Benavente 761, Puerto Montt) de lunes a viernes, entre 07:30 y 10:30 horas. No requiere agendamiento; puedes acudir directamente en ese horario. ğŸ˜Š",5,"El espermiograma (EX-216) se realiza solo en Casa Matriz (Benavente 761, Puerto Montt) de lun a vie, 07:30-10:30. No requiere agendamiento, puedes acudir directamente. ğŸ˜Š",5
"Hola, quiero agendar un espermiograma.","El espermiograma (EX-216) se realiza solo en nuestra Casa Matriz (Benavente 761, Puerto Montt) de lunes a viernes, entre 07:30 y 10:30 horas. No requiere agendamiento; puedes acudir directamente en ese horario. ğŸ˜Š","El espermiograma (EX-216) se realiza solo en nuestra Casa Matriz (Benavente 761, Puerto Montt) de lunes a viernes, entre 07:30 y 10:30 horas. No requiere agendamiento; puedes acudir directamente en ese horario. ğŸ˜Š",5,"El espermiograma (EX-216) se realiza solo en Casa Matriz (Benavente 761, Puerto Montt) lun a vie 07:30-10:30. No requiere agendamiento; puedes acudir directamente en ese horario. ğŸ˜Š",5
"Hola, quiero agendar una hora ginecolÃ³gica.","Para agendar una consulta ginecolÃ³gica con el Dr. Julio Rojas, utiliza este enlace: https://www.doctoralia.cl/julio-antonio-rojas-ortega/ginecologo/puerto-montt#profile-info. En el mismo link puedes ver informaciÃ³n de los servicios y precios! ğŸ©º","Para agendar una consulta ginecolÃ³gica con el Dr. Julio Rojas, utiliza este enlace: [Agendar Consulta GinecolÃ³gica](https://www.doctoralia.cl/julio-antonio-rojas-ortega/ginecologo/puerto-montt#profile-info). En el mismo link podrÃ¡s ver informaciÃ³n de los servicios y precios. ğŸ©º",5,"Para agendar una consulta ginecolÃ³gica con el Dr. Julio Rojas, por favor usa este enlace: https://www.doctoralia.cl/julio-antonio-rojas-ortega/ginecologo/puerto-montt#profile-info. ğŸ˜Š",5
"Hola, quiero agendar una hora ginecolÃ³gica.","Para agendar una consulta ginecolÃ³gica con el Dr. Julio Rojas, utiliza este enlace: https://www.doctoralia.cl/julio-antonio-rojas-ortega/ginecologo/puerto-montt#profile-info. En el mismo link puedes ver informaciÃ³n de los servicios y precios! ğŸ©º","Para agendar una consulta ginecolÃ³gica con el Dr. Julio Rojas, utiliza este enlace: [Agendar aquÃ­](https://www.doctoralia.cl/julio-antonio-rojas-ortega/ginecologo/puerto-montt#profile-info). En el mismo link puedes ver informaciÃ³n de los servicios y precios. ğŸ©º",5,"Para agendar una consulta ginecolÃ³gica con el Dr. Julio Rojas, por favor utiliza este enlace: https://www.doctoralia.cl/julio-antonio-rojas-ortega/ginecologo/puerto-montt#profile-info. ğŸ˜Š",5
"Hola, quiero agendar una hora ginecolÃ³gica.","Para agendar una consulta ginecolÃ³gica con el Dr. Julio Rojas, utiliza este enlace: https://www.doctoralia.cl/julio-antonio-rojas-ortega/ginecologo/puerto-montt#profile-info. En el mismo link puedes ver informaciÃ³n de los servicios y precios! ğŸ©º","Para agendar una consulta ginecolÃ³gica con el Dr. Julio Rojas, utiliza este enlace: [Agendar cita](https://www.doctoralia.cl/julio-antonio-rojas-ortega/ginecologo/puerto-montt#profile-info). En el mismo link puedes ver informaciÃ³n de los servicios y precios. ğŸ©º",5,"Para agendar una consulta ginecolÃ³gica con el Dr. Julio Rojas, por favor utiliza este enlace: https://www.doctoralia.cl/julio-antonio-rojas-ortega/ginecologo/puerto-montt#profile-info. ğŸ˜Š",5
"Hola, quiero agendar una hora ginecolÃ³gica.","Para agendar una consulta ginecolÃ³gica con el Dr. Julio Rojas, utiliza este enlace: https://www.doctoralia.cl/julio-antonio-rojas-ortega/ginecologo/puerto-montt#profile-info. En el mismo link puedes ver informaciÃ³n de los servicios y precios! ğŸ©º","Para agendar una consulta ginecolÃ³gica con el Dr. Julio Rojas, utiliza este enlace: [Agendar cita](https://www.doctoralia.cl/julio-antonio-rojas-ortega/ginecologo/puerto-montt#profile-info). En el mismo link puedes ver informaciÃ³n de los servicios y precios. ğŸ©º",5,"Para agendar una consulta ginecolÃ³gica con el Dr. Julio Rojas, por favor utiliza este enlace: https://www.doctoralia.cl/julio-antonio-rojas-ortega/ginecologo/puerto-montt#profile-info. ğŸ˜Š",5
Â¿CuÃ¡l es el valor del urocultivo?,Este medio no maneja valores de exÃ¡menes. Por favor contÃ¡ctanos a nuestro WhatsApp +56 9 4571 1542 y con gusto podemos atender tu solicitud. ğŸ˜Š,No manejo precios en este canal. Por favor contÃ¡ctanos al WhatsApp +56 9 4571 1542 y con gusto podemos atender tu solicitud. ğŸ˜Š,5,En este canal no manejamos valores ya que depende mucho de tu previsiÃ³n. Por favor escrÃ­benos al WhatsApp +56 9 4571 1542 para que podamos ayudarte. ğŸ˜Š,4
Â¿CuÃ¡l es el valor del urocultivo?,Este medio no maneja valores de exÃ¡menes. Por favor contÃ¡ctanos a nuestro WhatsApp +56 9 4571 1542 y con gusto podemos atender tu solicitud. ğŸ˜Š,No manejo precios de exÃ¡menes. Por favor contÃ¡ctanos al WhatsApp +56 9 4571 1542 y con gusto podemos atender tu solicitud. ğŸ˜Š,5,En este canal no manejamos valores ya que depende mucho de tu previsiÃ³n. Por favor escrÃ­benos al WhatsApp +56 9 4571 1542 para que podamos ayudarte. ğŸ˜Š,4
Â¿CuÃ¡l es el valor del urocultivo?,Este medio no maneja valores de exÃ¡menes. Por favor contÃ¡ctanos a nuestro WhatsApp +56 9 4571 1542 y con gusto podemos atender tu solicitud. ğŸ˜Š,"No manejo precios en este canal. Por favor, contÃ¡ctanos al WhatsApp +56 9 4571 1542 y con gusto podemos atender tu solicitud. ğŸ˜Š",5,En este canal no manejamos valores ya que depende mucho de tu previsiÃ³n. Por favor escrÃ­benos al WhatsApp +56 9 4571 1542 para que podamos ayudarte. ğŸ˜Š,4
Â¿CuÃ¡l es el valor del urocultivo?,Este medio no maneja valores de exÃ¡menes. Por favor contÃ¡ctanos a nuestro WhatsApp +56 9 4571 1542 y con gusto podemos atender tu solicitud. ğŸ˜Š,No manejo precios de exÃ¡menes. Por favor contÃ¡ctanos al WhatsApp +56 9 4571 1542 y con gusto podemos atender tu solicitud. ğŸ˜Š,5,En este canal no manejamos valores ya que depende mucho de tu previsiÃ³n. Por favor escrÃ­benos al WhatsApp +56 9 4571 1542 para que podamos ayudarte. ğŸ˜Š,4
Quiero saber el precio del cortisol libre urinario.,En este canal no manejamos valores ya que depende mucho de tu previsiÃ³n. Por favor escrÃ­benos al WhatsApp +56 9 4571 1542 para que podamos ayudarte. ğŸ˜Š,No manejo precios en este canal. Por favor contÃ¡ctanos al WhatsApp +56 9 4571 1542 para que podamos ayudarte. ğŸ˜Š,4,En este canal no manejamos valores ya que depende mucho de tu previsiÃ³n. Por favor escrÃ­benos al WhatsApp +56 9 4571 1542 para que podamos ayudarte. ğŸ˜Š,5
Quiero saber el precio del cortisol libre urinario.,En este canal no manejamos valores ya que depende mucho de tu previsiÃ³n. Por favor escrÃ­benos al WhatsApp +56 9 4571 1542 para que podamos ayudarte. ğŸ˜Š,No manejo precios en este canal. Por favor contÃ¡ctanos al WhatsApp +56 9 4571 1542 para que podamos ayudarte. ğŸ˜Š,4,En este canal no manejamos valores ya que depende mucho de tu previsiÃ³n. Por favor escrÃ­benos al WhatsApp +56 9 4571 1542 para que podamos ayudarte. ğŸ˜Š,5
Quiero saber el precio del cortisol libre urinario.,En este canal no manejamos valores ya que depende mucho de tu previsiÃ³n. Por favor escrÃ­benos al WhatsApp +56 9 4571 1542 para que podamos ayudarte. ğŸ˜Š,"No manejo precios en este canal. Por favor, contÃ¡ctanos al WhatsApp +56 9 4571 1542 para que podamos ayudarte. ğŸ˜Š",5,En este canal no manejamos valores ya que depende mucho de tu previsiÃ³n. Por favor escrÃ­benos al WhatsApp +56 9 4571 1542 para que podamos ayudarte. ğŸ˜Š,5
Quiero saber el precio del cortisol libre urinario.,En este canal no manejamos valores ya que depende mucho de tu previsiÃ³n. Por favor escrÃ­benos al WhatsApp +56 9 4571 1542 para que podamos ayudarte. ğŸ˜Š,No manejo precios en este canal. Por favor contÃ¡ctanos al WhatsApp +56 9 4571 1542 y con gusto podemos atender tu solicitud. ğŸ˜Š,5,En este canal no manejamos valores ya que depende mucho de tu previsiÃ³n. Por favor escrÃ­benos al WhatsApp +56 9 4571 1542 para que podamos ayudarte. ğŸ˜Š,5
Â¿CuÃ¡nto cuesta la carga viral Hepatitis B?,"No manejamos precios en este canal. Por favor contÃ¡ctanos en el WhatsApp +56 9 4571 1542, donde podremos asistir a tu consulta de acuerdo a tu plan de salud. ğŸ˜Š","No manejo precios en este canal. Por favor contÃ¡ctanos en el WhatsApp +56 9 4571 1542, donde podremos ayudarte con tu consulta de acuerdo a tu plan de salud. ğŸ˜Š",5,En este canal no manejamos valores ya que depende mucho de tu previsiÃ³n. Por favor escrÃ­benos al WhatsApp +56 9 4571 1542 para que podamos ayudarte. ğŸ˜Š,4
Â¿CuÃ¡nto cuesta la carga viral Hepatitis B?,"No manejamos precios en este canal. Por favor contÃ¡ctanos en el WhatsApp +56 9 4571 1542, donde podremos asistir a tu consulta de acuerdo a tu plan de salud. ğŸ˜Š",No manejo precios en este canal. Por favor contÃ¡ctanos en el WhatsApp +56 9 4571 1542 para que podamos ayudarte. ğŸ˜Š,5,En este canal no manejamos valores ya que depende mucho de tu previsiÃ³n. Por favor escrÃ­benos al WhatsApp +56 9 4571 1542 para que podamos ayudarte. ğŸ˜Š,4
Â¿CuÃ¡nto cuesta la carga viral Hepatitis B?,"No manejamos precios en este canal. Por favor contÃ¡ctanos en el WhatsApp +56 9 4571 1542, donde podremos asistir a tu consulta de acuerdo a tu plan de salud. ğŸ˜Š",No manejamos precios en este canal. Por favor contÃ¡ctanos al WhatsApp +56 9 4571 1542 para que podamos ayudarte. ğŸ˜Š,5,En este canal no manejamos valores ya que depende mucho de tu previsiÃ³n. Por favor escrÃ­benos al WhatsApp +56 9 4571 1542 para que podamos ayudarte. ğŸ˜Š,4
Â¿CuÃ¡nto cuesta la carga viral Hepatitis B?,"No manejamos precios en este canal. Por favor contÃ¡ctanos en el WhatsApp +56 9 4571 1542, donde podremos asistir a tu consulta de acuerdo a tu plan de salud. ğŸ˜Š","No manejo precios en este canal. Por favor, contÃ¡ctanos en el WhatsApp +56 9 4571 1542 para que podamos ayudarte. ğŸ˜Š",5,En este canal no manejamos valores ya que depende mucho de tu previsiÃ³n. Por favor escrÃ­benos al WhatsApp +56 9 4571 1542 para que podamos ayudarte. ğŸ˜Š,4
