question,human_response,MyU_base_answer,MyU_base_grade,MyU_fine_tuned_answer,MyU_fine_tuned_grade
Â¡Hola!,Â¡Hola! ğŸ‘‹ Bienvenido al servicio al cliente de M&U Soluciones de ClimatizaciÃ³n ğŸŒ¬ï¸â„ï¸. Â¿En quÃ© puedo ayudarte hoy? ğŸ˜Š,Â¡Hola! ğŸ‘‹ Bienvenido al servicio al cliente de M&U Soluciones de ClimatizaciÃ³n ğŸŒ¬ï¸â„ï¸. Â¿En quÃ© puedo ayudarte hoy? ğŸ˜Š,5,Â¡Hola! ğŸ‘‹ Bienvenido al servicio al cliente de M&U Soluciones de ClimatizaciÃ³n ğŸŒ¬ï¸â„ï¸. Â¿En quÃ© puedo ayudarte hoy? ğŸ˜Š,5
Â¡Hola!,Â¡Hola! ğŸ‘‹ Bienvenido al servicio al cliente de M&U Soluciones de ClimatizaciÃ³n ğŸŒ¬ï¸â„ï¸. Â¿En quÃ© puedo ayudarte hoy? ğŸ˜Š,Â¡Hola! ğŸ‘‹ Bienvenido al servicio al cliente de M&U Soluciones de ClimatizaciÃ³n ğŸŒ¬ï¸â„ï¸. Â¿En quÃ© puedo ayudarte hoy? ğŸ˜Š,5,Â¡Hola! ğŸ‘‹ Bienvenido al servicio al cliente de M&U Soluciones de ClimatizaciÃ³n ğŸŒ¬ï¸â„ï¸. Â¿En quÃ© puedo ayudarte hoy? ğŸ˜Š,5
Â¡Hola!,Â¡Hola! ğŸ‘‹ Bienvenido al servicio al cliente de M&U Soluciones de ClimatizaciÃ³n ğŸŒ¬ï¸â„ï¸. Â¿En quÃ© puedo ayudarte hoy? ğŸ˜Š,Â¡Hola! ğŸ‘‹ Bienvenido al servicio al cliente de M&U Soluciones de ClimatizaciÃ³n ğŸŒ¬ï¸â„ï¸. Â¿En quÃ© puedo ayudarte hoy? ğŸ˜Š,5,Â¡Hola! ğŸ‘‹ Bienvenido al servicio al cliente de M&U Soluciones de ClimatizaciÃ³n ğŸŒ¬ï¸â„ï¸. Â¿En quÃ© puedo ayudarte hoy? ğŸ˜Š,5
Â¡Hola!,Â¡Hola! ğŸ‘‹ Bienvenido al servicio al cliente de M&U Soluciones de ClimatizaciÃ³n ğŸŒ¬ï¸â„ï¸. Â¿En quÃ© puedo ayudarte hoy? ğŸ˜Š,Â¡Hola! ğŸ‘‹ Bienvenido al servicio al cliente de M&U Soluciones de ClimatizaciÃ³n ğŸŒ¬ï¸â„ï¸. Â¿En quÃ© puedo ayudarte hoy? ğŸ˜Š,5,Â¡Hola! ğŸ‘‹ Bienvenido al servicio al cliente de M&U Soluciones de ClimatizaciÃ³n ğŸŒ¬ï¸â„ï¸. Â¿En quÃ© puedo ayudarte hoy? ğŸ˜Š,5
"Hola, necesito solicitar una mantenciÃ³n para mis equipos de aire acondicionado.","Â¡Claro que sÃ­! ğŸ˜ƒ Para ayudarte, necesito que me indiques los siguientes datos: Nombre completo ğŸ“ DirecciÃ³n ğŸ  Comuna ğŸ“ Correo electrÃ³nico ğŸ“§ Marca de los equipos â„ï¸ (Ejemplo: Samsung, Midea, Otro) NÃºmero de equipos ğŸ”¢ Â¿QuiÃ©n instalÃ³ los equipos? âš™ï¸ (Opciones: M&U o Tercero) Tipo de equipo ğŸ”§ (Opciones: Split o Multi-Split)","Â¡Hola! ğŸ‘‹ Bienvenido al servicio al cliente de M&U Soluciones de ClimatizaciÃ³n ğŸŒ¬ï¸â„ï¸. Para ayudarte, necesito que me indiques los siguientes datos:

Nombre completo ğŸ“  
DirecciÃ³n ğŸ   
Comuna ğŸ“  
Correo electrÃ³nico ğŸ“§  
Marca de los equipos â„ï¸ (Ejemplo: Samsung, Midea, Otro)  
NÃºmero de equipos ğŸ”¢  
Â¿QuiÃ©n instalÃ³ los equipos? âš™ï¸ (Opciones: ""M&U"" o ""Tercero"")  
Tipo de equipo ğŸ”§ (Opciones: ""Split"" o ""Multi-Split"")",5,"Â¡Claro que sÃ­! ğŸ˜ƒ Para ayudarte, necesito que me indiques los siguientes datos: Nombre completo ğŸ“ DirecciÃ³n ğŸ  Comuna ğŸ“ Correo electrÃ³nico ğŸ“§ Marca de los equipos â„ï¸ (Ejemplo: Samsung, Midea, Otro) NÃºmero de equipos ğŸ”¢ Â¿QuiÃ©n instalÃ³ los equipos? âš™ï¸ (Opciones: ""M&U"" o ""Tercero"") Tipo de equipo ğŸ”§ (Opciones: ""Split"" o ""Multi-Split"")",4
"Hola, necesito solicitar una mantenciÃ³n para mis equipos de aire acondicionado.","Â¡Claro que sÃ­! ğŸ˜ƒ Para ayudarte, necesito que me indiques los siguientes datos: Nombre completo ğŸ“ DirecciÃ³n ğŸ  Comuna ğŸ“ Correo electrÃ³nico ğŸ“§ Marca de los equipos â„ï¸ (Ejemplo: Samsung, Midea, Otro) NÃºmero de equipos ğŸ”¢ Â¿QuiÃ©n instalÃ³ los equipos? âš™ï¸ (Opciones: M&U o Tercero) Tipo de equipo ğŸ”§ (Opciones: Split o Multi-Split)","Â¡Hola! ğŸ‘‹ Bienvenido al servicio al cliente de M&U Soluciones de ClimatizaciÃ³n ğŸŒ¬ï¸â„ï¸. Para ayudarte, necesito que me indiques los siguientes datos:

- Nombre completo ğŸ“
- DirecciÃ³n ğŸ 
- Comuna ğŸ“
- Correo electrÃ³nico ğŸ“§
- Marca de los equipos â„ï¸ (Ejemplo: Samsung, Midea, Otro)
- NÃºmero de equipos ğŸ”¢
- Â¿QuiÃ©n instalÃ³ los equipos? âš™ï¸ (Opciones: ""M&U"" o ""Tercero"")
- Tipo de equipo ğŸ”§ (Opciones: ""Split"" o ""Multi-Split"")",5,"Â¡Claro que sÃ­! ğŸ˜ƒ Para ayudarte, necesito que me indiques los siguientes datos: Nombre completo ğŸ“ DirecciÃ³n ğŸ  Comuna ğŸ“ Correo electrÃ³nico ğŸ“§ Marca de los equipos â„ï¸ (Ejemplo: Samsung, Midea, Otro) NÃºmero de equipos ğŸ”¢ Â¿QuiÃ©n instalÃ³ los equipos? âš™ï¸ (Opciones: ""M&U"" o ""Tercero"") Tipo de equipo ğŸ”§ (Opciones: ""Split"" o ""Multi-Split"")",4
"Hola, necesito solicitar una mantenciÃ³n para mis equipos de aire acondicionado.","Â¡Claro que sÃ­! ğŸ˜ƒ Para ayudarte, necesito que me indiques los siguientes datos: Nombre completo ğŸ“ DirecciÃ³n ğŸ  Comuna ğŸ“ Correo electrÃ³nico ğŸ“§ Marca de los equipos â„ï¸ (Ejemplo: Samsung, Midea, Otro) NÃºmero de equipos ğŸ”¢ Â¿QuiÃ©n instalÃ³ los equipos? âš™ï¸ (Opciones: M&U o Tercero) Tipo de equipo ğŸ”§ (Opciones: Split o Multi-Split)","Â¡Hola! ğŸ‘‹ Bienvenido al servicio al cliente de M&U Soluciones de ClimatizaciÃ³n ğŸŒ¬ï¸â„ï¸. Para ayudarte, necesito que me indiques los siguientes datos:

- Nombre completo ğŸ“
- DirecciÃ³n ğŸ 
- Comuna ğŸ“
- Correo electrÃ³nico ğŸ“§
- Marca de los equipos â„ï¸ (Ejemplo: Samsung, Midea, Otro)
- NÃºmero de equipos ğŸ”¢
- Â¿QuiÃ©n instalÃ³ los equipos? âš™ï¸ (Opciones: ""M&U"" o ""Tercero"")
- Tipo de equipo ğŸ”§ (Opciones: ""Split"" o ""Multi-Split"")",5,"Â¡Claro que sÃ­! ğŸ˜ƒ Para ayudarte, necesito que me indiques los siguientes datos: Nombre completo ğŸ“ DirecciÃ³n ğŸ  Comuna ğŸ“ Correo electrÃ³nico ğŸ“§ Marca de los equipos â„ï¸ (Ejemplo: Samsung, Midea, Otro) NÃºmero de equipos ğŸ”¢ Â¿QuiÃ©n instalÃ³ los equipos? âš™ï¸ (Opciones: ""M&U"" o ""Tercero"") Tipo de equipo ğŸ”§ (Opciones: ""Split"" o ""Multi-Split"")",4
"Hola, necesito solicitar una mantenciÃ³n para mis equipos de aire acondicionado.","Â¡Claro que sÃ­! ğŸ˜ƒ Para ayudarte, necesito que me indiques los siguientes datos: Nombre completo ğŸ“ DirecciÃ³n ğŸ  Comuna ğŸ“ Correo electrÃ³nico ğŸ“§ Marca de los equipos â„ï¸ (Ejemplo: Samsung, Midea, Otro) NÃºmero de equipos ğŸ”¢ Â¿QuiÃ©n instalÃ³ los equipos? âš™ï¸ (Opciones: M&U o Tercero) Tipo de equipo ğŸ”§ (Opciones: Split o Multi-Split)","Â¡Hola! ğŸ‘‹ Bienvenido al servicio al cliente de M&U Soluciones de ClimatizaciÃ³n ğŸŒ¬ï¸â„ï¸. Para ayudarte, necesito que me indiques los siguientes datos:

Nombre completo ğŸ“  
DirecciÃ³n ğŸ   
Comuna ğŸ“  
Correo electrÃ³nico ğŸ“§  
Marca de los equipos â„ï¸ (Ejemplo: Samsung, Midea, Otro)  
NÃºmero de equipos ğŸ”¢  
Â¿QuiÃ©n instalÃ³ los equipos? âš™ï¸ (Opciones: ""M&U"" o ""Tercero"")  
Tipo de equipo ğŸ”§ (Opciones: ""Split"" o ""Multi-Split"")  ",5,"Â¡Claro que sÃ­! ğŸ˜ƒ Para ayudarte, necesito que me indiques los siguientes datos: Nombre completo ğŸ“ DirecciÃ³n ğŸ  Comuna ğŸ“ Correo electrÃ³nico ğŸ“§ Marca de los equipos â„ï¸ (Ejemplo: Samsung, Midea, Otro) NÃºmero de equipos ğŸ”¢ Â¿QuiÃ©n instalÃ³ los equipos? âš™ï¸ (Opciones: ""M&U"" o ""Tercero"") Tipo de equipo ğŸ”§ (Opciones: ""Split"" o ""Multi-Split"")",4
"Mi nombre es Ana LÃ³pez, vivo en Calle Falsa 123, comuna de Providencia. Mi email es analopez@gmail.com. Tengo 2 equipos Samsung tipo Split instalados por M&U.","Â¡Gracias por la informaciÃ³n, Ana! ğŸ“ Â¿PodrÃ­as proporcionarme tambiÃ©n el nÃºmero de boleta o factura de los equipos? Esto me ayudarÃ¡ a confirmar si la mantenciÃ³n estÃ¡ cubierta por la garantÃ­a.","Â¡Gracias por la informaciÃ³n, Ana! ğŸ“ ProcederÃ© a registrar tu solicitud de mantenciÃ³n. Un momento, por favor. 

Solicitando mantenciÃ³n...",4,"Â¡Gracias por la informaciÃ³n, Ana! ğŸ“ Â¿PodrÃ­as proporcionarme tambiÃ©n el nÃºmero de boleta o factura de los equipos? Esto me ayudarÃ¡ a confirmar si la mantenciÃ³n estÃ¡ cubierta por la garantÃ­a.",1
"Mi nombre es Ana LÃ³pez, vivo en Calle Falsa 123, comuna de Providencia. Mi email es analopez@gmail.com. Tengo 2 equipos Samsung tipo Split instalados por M&U.","Â¡Gracias por la informaciÃ³n, Ana! ğŸ“ Â¿PodrÃ­as proporcionarme tambiÃ©n el nÃºmero de boleta o factura de los equipos? Esto me ayudarÃ¡ a confirmar si la mantenciÃ³n estÃ¡ cubierta por la garantÃ­a.","Â¡Gracias por la informaciÃ³n, Ana! ğŸ“ Ahora, necesito confirmar el nÃºmero de equipos y proceder con la solicitud de mantenciÃ³n. Â¿PodrÃ­as indicarme el nÃºmero de boleta o factura de los equipos?",3,"Â¡Gracias por la informaciÃ³n, Ana! ğŸ“ Â¿PodrÃ­as proporcionarme tambiÃ©n el nÃºmero de boleta o factura de los equipos? Esto me ayudarÃ¡ a confirmar si la mantenciÃ³n estÃ¡ cubierta por la garantÃ­a.",1
"Mi nombre es Ana LÃ³pez, vivo en Calle Falsa 123, comuna de Providencia. Mi email es analopez@gmail.com. Tengo 2 equipos Samsung tipo Split instalados por M&U.","Â¡Gracias por la informaciÃ³n, Ana! ğŸ“ Â¿PodrÃ­as proporcionarme tambiÃ©n el nÃºmero de boleta o factura de los equipos? Esto me ayudarÃ¡ a confirmar si la mantenciÃ³n estÃ¡ cubierta por la garantÃ­a.","Â¡Gracias por la informaciÃ³n, Ana! ğŸ“ ProcederÃ© a registrar tu solicitud de mantenciÃ³n. Un momento, por favor. 

Solicitando mantenciÃ³n...",4,"Â¡Gracias por la informaciÃ³n, Ana! ğŸ“ Â¿PodrÃ­as proporcionarme tambiÃ©n el nÃºmero de boleta o factura de los equipos? Esto me ayudarÃ¡ a confirmar si la mantenciÃ³n estÃ¡ cubierta por la garantÃ­a.",1
"Mi nombre es Ana LÃ³pez, vivo en Calle Falsa 123, comuna de Providencia. Mi email es analopez@gmail.com. Tengo 2 equipos Samsung tipo Split instalados por M&U.","Â¡Gracias por la informaciÃ³n, Ana! ğŸ“ Â¿PodrÃ­as proporcionarme tambiÃ©n el nÃºmero de boleta o factura de los equipos? Esto me ayudarÃ¡ a confirmar si la mantenciÃ³n estÃ¡ cubierta por la garantÃ­a.","Â¡Gracias por la informaciÃ³n, Ana! ğŸ“ Ahora, procederÃ© a registrar tu solicitud de mantenciÃ³n. Un momento, por favor. 

Solicitando mantenciÃ³n...",3,"Â¡Gracias por la informaciÃ³n, Ana! ğŸ“ Â¿PodrÃ­as proporcionarme tambiÃ©n el nÃºmero de boleta o factura de los equipos? Esto me ayudarÃ¡ a confirmar si la mantenciÃ³n estÃ¡ cubierta por la garantÃ­a.",1
"SÃ­, el nÃºmero de boleta es NÂ°123456.",Â¡Perfecto! ğŸ‰ Nuestro equipo se pondrÃ¡ en contacto contigo pronto para coordinar la visita y realizar la mantenciÃ³n de tus equipos. ğŸ˜Š,"Â¡Perfecto! ğŸ‰ Ahora, por favor, indÃ­came el nÃºmero de equipos que deseas mantener y confirmame si son Split o Multi-Split. ğŸ˜Š",3,Â¡Perfecto! ğŸ‰ Nuestro equipo se pondrÃ¡ en contacto contigo pronto para coordinar la visita y realizar la mantenciÃ³n de tus equipos. ğŸ˜Š,4
"SÃ­, el nÃºmero de boleta es NÂ°123456.",Â¡Perfecto! ğŸ‰ Nuestro equipo se pondrÃ¡ en contacto contigo pronto para coordinar la visita y realizar la mantenciÃ³n de tus equipos. ğŸ˜Š,"Â¡Perfecto! ğŸ‰ Ahora, solo necesito que me indiques el nÃºmero de equipos y la marca de los mismos para completar la solicitud de mantenciÃ³n. ğŸ˜Š",4,Â¡Perfecto! ğŸ‰ Nuestro equipo se pondrÃ¡ en contacto contigo pronto para coordinar la visita y realizar la mantenciÃ³n de tus equipos. ğŸ˜Š,5
"SÃ­, el nÃºmero de boleta es NÂ°123456.",Â¡Perfecto! ğŸ‰ Nuestro equipo se pondrÃ¡ en contacto contigo pronto para coordinar la visita y realizar la mantenciÃ³n de tus equipos. ğŸ˜Š,"Â¡Perfecto! ğŸ‰ Ahora procederÃ© a registrar tus datos. Por favor, indÃ­came el nÃºmero de equipos y la direcciÃ³n completa. ğŸ˜Š",4,Â¡Perfecto! ğŸ‰ Nuestro equipo se pondrÃ¡ en contacto contigo pronto para coordinar la visita y realizar la mantenciÃ³n de tus equipos. ğŸ˜Š,5
"SÃ­, el nÃºmero de boleta es NÂ°123456.",Â¡Perfecto! ğŸ‰ Nuestro equipo se pondrÃ¡ en contacto contigo pronto para coordinar la visita y realizar la mantenciÃ³n de tus equipos. ğŸ˜Š,"Â¡Perfecto! ğŸ‰ Ahora, por favor, indÃ­came el nÃºmero de equipos que necesitas mantener y la marca de los mismos.",3,Â¡Perfecto! ğŸ‰ Nuestro equipo se pondrÃ¡ en contacto contigo pronto para coordinar la visita y realizar la mantenciÃ³n de tus equipos. ğŸ˜Š,5
Â¿Es posible controlar los equipos de aire acondicionado desde el celular?,"Â¡SÃ­, claro que es posible! ğŸ“± Las opciones dependen de la marca y el modelo. Para Samsung, utilizamos la app Smart Things, y para Midea, la app Midea Air. Si tus equipos son de otra marca, dependerÃ¡ del modelo.","Â¡Hola! ğŸ‘‹ Bienvenido al servicio al cliente de M&U Soluciones de ClimatizaciÃ³n ğŸŒ¬ï¸â„ï¸. SÃ­, es posible controlar los equipos desde el celular. Para Samsung, usamos la app Smart Things, y para Midea, la app Midea Air. Â¿Necesitas mÃ¡s ayuda?",5,"Â¡SÃ­, claro que es posible! ğŸ“± Las opciones dependen de la marca y el modelo. Para Samsung, utilizamos la app Smart Things, y para Midea, la app Midea Air. Si tus equipos son de otra marca, dependerÃ¡ del modelo.",5
Â¿Es posible controlar los equipos de aire acondicionado desde el celular?,"Â¡SÃ­, claro que es posible! ğŸ“± Las opciones dependen de la marca y el modelo. Para Samsung, utilizamos la app Smart Things, y para Midea, la app Midea Air. Si tus equipos son de otra marca, dependerÃ¡ del modelo.","Â¡Hola! ğŸ‘‹ Bienvenido al servicio al cliente de M&U Soluciones de ClimatizaciÃ³n ğŸŒ¬ï¸â„ï¸. SÃ­, es posible controlar los equipos desde el celular. Para Samsung, usamos la app Smart Things, y para Midea, la app Midea Air. Â¿Necesitas mÃ¡s informaciÃ³n? ğŸ˜Š",5,"Â¡SÃ­, claro que es posible! ğŸ“± Las opciones dependen de la marca y el modelo. Para Samsung, utilizamos la app Smart Things, y para Midea, la app Midea Air. Si tus equipos son de otra marca, dependerÃ¡ del modelo.",5
Â¿Es posible controlar los equipos de aire acondicionado desde el celular?,"Â¡SÃ­, claro que es posible! ğŸ“± Las opciones dependen de la marca y el modelo. Para Samsung, utilizamos la app Smart Things, y para Midea, la app Midea Air. Si tus equipos son de otra marca, dependerÃ¡ del modelo.","Â¡Hola! ğŸ‘‹ Bienvenido al servicio al cliente de M&U Soluciones de ClimatizaciÃ³n ğŸŒ¬ï¸â„ï¸. SÃ­, es posible controlar los equipos desde el celular. Para Samsung, usamos la app Smart Things y para Midea, la app Midea Air. Si son de otra marca, dependerÃ¡ del modelo. Â¿En quÃ© mÃ¡s puedo ayudarte? ğŸ˜Š",5,"Â¡SÃ­, claro que es posible! ğŸ“± Las opciones dependen de la marca y el modelo. Para Samsung, utilizamos la app Smart Things, y para Midea, la app Midea Air. Si tus equipos son de otra marca, dependerÃ¡ del modelo.",5
Â¿Es posible controlar los equipos de aire acondicionado desde el celular?,"Â¡SÃ­, claro que es posible! ğŸ“± Las opciones dependen de la marca y el modelo. Para Samsung, utilizamos la app Smart Things, y para Midea, la app Midea Air. Si tus equipos son de otra marca, dependerÃ¡ del modelo.","Â¡Hola! ğŸ‘‹ Bienvenido al servicio al cliente de M&U Soluciones de ClimatizaciÃ³n ğŸŒ¬ï¸â„ï¸. SÃ­, es posible controlar los equipos desde el celular. Para Samsung, usamos la app Smart Things, y para Midea, la app Midea Air. Si son de otra marca, dependerÃ¡ del modelo. Â¿Puedo ayudarte con algo mÃ¡s?",5,"Â¡SÃ­, claro que es posible! ğŸ“± Las opciones dependen de la marca y el modelo. Para Samsung, utilizamos la app Smart Things, y para Midea, la app Midea Air. Si tus equipos son de otra marca, dependerÃ¡ del modelo.",5
Quiero un presupuesto para instalar aire acondicionado en mi casa.,"Â¡Perfecto! ğŸ˜Š Para obtener un presupuesto, puedes agendar una visita gratuita de evaluaciÃ³n con nuestro equipo experto. Haz clic aquÃ­ ğŸ‘‰ https://www.myu.cl/catalogo/visita-experta-de-evaluacion/.","Â¡Hola! ğŸ‘‹ Bienvenido al servicio al cliente de M&U Soluciones de ClimatizaciÃ³n ğŸŒ¬ï¸â„ï¸. Para obtener un presupuesto, puedes agendar una visita gratuita de evaluaciÃ³n con nuestro equipo experto. Haz clic aquÃ­ ğŸ‘‰ https://www.myu.cl/catalogo/visita-experta-de-evaluacion/.",5,"Â¡Claro que sÃ­! ğŸ˜Š Para obtener un presupuesto, te invito a agendar una visita gratuita de evaluaciÃ³n con nuestro equipo experto. Puedes hacerlo haciendo clic aquÃ­ ğŸ‘‰ [Visita Experta de EvaluaciÃ³n](https://www.myu.cl/catalogo/visita-experta-de-evaluacion/).",5
Quiero un presupuesto para instalar aire acondicionado en mi casa.,"Â¡Perfecto! ğŸ˜Š Para obtener un presupuesto, puedes agendar una visita gratuita de evaluaciÃ³n con nuestro equipo experto. Haz clic aquÃ­ ğŸ‘‰ https://www.myu.cl/catalogo/visita-experta-de-evaluacion/.","Â¡Hola! ğŸ‘‹ Bienvenido al servicio al cliente de M&U Soluciones de ClimatizaciÃ³n ğŸŒ¬ï¸â„ï¸. Para obtener un presupuesto, puedes agendar una visita gratuita de evaluaciÃ³n con nuestro equipo experto. Haz clic aquÃ­ ğŸ‘‰ https://www.myu.cl/catalogo/visita-experta-de-evaluacion/. Â¿Puedo ayudarte en algo mÃ¡s? ğŸ˜Š",5,"Â¡Claro que sÃ­! ğŸ˜Š Para obtener un presupuesto, necesitas agendar una visita gratuita de evaluaciÃ³n con nuestro equipo experto. Puedes hacerlo aquÃ­ ğŸ‘‰ [Agendar Visita](https://www.myu.cl/catalogo/visita-experta-de-evaluacion/).",5
Quiero un presupuesto para instalar aire acondicionado en mi casa.,"Â¡Perfecto! ğŸ˜Š Para obtener un presupuesto, puedes agendar una visita gratuita de evaluaciÃ³n con nuestro equipo experto. Haz clic aquÃ­ ğŸ‘‰ https://www.myu.cl/catalogo/visita-experta-de-evaluacion/.","Â¡Hola! ğŸ‘‹ Bienvenido al servicio al cliente de M&U Soluciones de ClimatizaciÃ³n ğŸŒ¬ï¸â„ï¸. Para obtener un presupuesto, puedes agendar una visita gratuita de evaluaciÃ³n con nuestro equipo experto. Haz clic aquÃ­ ğŸ‘‰ https://www.myu.cl/catalogo/visita-experta-de-evaluacion/.",5,"Â¡Claro que sÃ­! ğŸ˜Š Para obtener un presupuesto, necesitas agendar una visita gratuita de evaluaciÃ³n con nuestro equipo experto. Puedes hacerlo aquÃ­ ğŸ‘‰ [Visita Experta de EvaluaciÃ³n](https://www.myu.cl/catalogo/visita-experta-de-evaluacion/).",5
Quiero un presupuesto para instalar aire acondicionado en mi casa.,"Â¡Perfecto! ğŸ˜Š Para obtener un presupuesto, puedes agendar una visita gratuita de evaluaciÃ³n con nuestro equipo experto. Haz clic aquÃ­ ğŸ‘‰ https://www.myu.cl/catalogo/visita-experta-de-evaluacion/.","Â¡Hola! ğŸ‘‹ Bienvenido al servicio al cliente de M&U Soluciones de ClimatizaciÃ³n ğŸŒ¬ï¸â„ï¸. Para obtener un presupuesto, puedes agendar una visita gratuita de evaluaciÃ³n con nuestro equipo experto. Haz clic aquÃ­ ğŸ‘‰ https://www.myu.cl/catalogo/visita-experta-de-evaluacion/.",5,"Â¡Claro que sÃ­! ğŸ˜Š Para obtener un presupuesto, necesitas agendar una visita gratuita de evaluaciÃ³n con nuestro equipo experto. Puedes hacerlo aquÃ­ ğŸ‘‰ [Visita Experta de EvaluaciÃ³n](https://www.myu.cl/catalogo/visita-experta-de-evaluacion/).",5
Â¿CuÃ¡nto se demora en realizar una instalaciÃ³n?,"Una instalaciÃ³n bÃ¡sica toma entre 2 y 4 horas por equipo â±ï¸, siempre que no se incluyan adicionales.","Â¡Hola! ğŸ‘‹ Bienvenido al servicio al cliente de M&U Soluciones de ClimatizaciÃ³n ğŸŒ¬ï¸â„ï¸. Una instalaciÃ³n bÃ¡sica toma entre 2 y 4 horas por equipo, siempre que no se incluyan adicionales. Â¿En quÃ© mÃ¡s puedo ayudarte? ğŸ˜Š",5,"La instalaciÃ³n bÃ¡sica de un equipo de aire acondicionado toma entre 2 y 4 horas â±ï¸, siempre que no se incluyan adicionales.",5
Â¿CuÃ¡nto se demora en realizar una instalaciÃ³n?,"Una instalaciÃ³n bÃ¡sica toma entre 2 y 4 horas por equipo â±ï¸, siempre que no se incluyan adicionales.","Â¡Hola! ğŸ‘‹ Bienvenido al servicio al cliente de M&U Soluciones de ClimatizaciÃ³n ğŸŒ¬ï¸â„ï¸. Una instalaciÃ³n bÃ¡sica toma entre 2 y 4 horas por equipo, siempre que no se incluyan adicionales. Â¿En quÃ© mÃ¡s puedo ayudarte? ğŸ˜Š",5,"Una instalaciÃ³n bÃ¡sica toma entre 2 y 4 horas por equipo â±ï¸, siempre que no se incluyan adicionales.",5
Â¿CuÃ¡nto se demora en realizar una instalaciÃ³n?,"Una instalaciÃ³n bÃ¡sica toma entre 2 y 4 horas por equipo â±ï¸, siempre que no se incluyan adicionales.","Â¡Hola! ğŸ‘‹ Bienvenido al servicio al cliente de M&U Soluciones de ClimatizaciÃ³n ğŸŒ¬ï¸â„ï¸. Una instalaciÃ³n bÃ¡sica toma entre 2 y 4 horas por equipo, siempre que no se incluyan adicionales. Â¿En quÃ© mÃ¡s puedo ayudarte? ğŸ˜Š",5,"La instalaciÃ³n bÃ¡sica de un equipo de aire acondicionado suele tardar entre 2 y 4 horas â±ï¸, dependiendo de la complejidad y si hay trabajos adicionales.",4
Â¿CuÃ¡nto se demora en realizar una instalaciÃ³n?,"Una instalaciÃ³n bÃ¡sica toma entre 2 y 4 horas por equipo â±ï¸, siempre que no se incluyan adicionales.","Â¡Hola! ğŸ‘‹ Bienvenido al servicio al cliente de M&U Soluciones de ClimatizaciÃ³n ğŸŒ¬ï¸â„ï¸. Una instalaciÃ³n bÃ¡sica toma entre 2 y 4 horas por equipo, siempre que no se incluyan adicionales. Â¿En quÃ© mÃ¡s puedo ayudarte? ğŸ˜Š",5,"Una instalaciÃ³n bÃ¡sica toma entre 2 y 4 horas por equipo â±ï¸, siempre que no se incluyan adicionales.",5
Â¿Emiten factura por sus servicios?,"Â¡Por supuesto! ğŸ§¾ Emitimos factura por todos nuestros servicios, para que tengas toda la informaciÃ³n respaldada.","Â¡Hola! ğŸ‘‹ Bienvenido al servicio al cliente de M&U Soluciones de ClimatizaciÃ³n ğŸŒ¬ï¸â„ï¸. SÃ­, emitimos factura por todos nuestros servicios. Â¿En quÃ© mÃ¡s puedo ayudarte hoy? ğŸ˜Š",5,"Â¡SÃ­, claro que emitimos factura! ğŸ§¾ Esto te asegura que tienes toda la informaciÃ³n respaldada.",4
Â¿Emiten factura por sus servicios?,"Â¡Por supuesto! ğŸ§¾ Emitimos factura por todos nuestros servicios, para que tengas toda la informaciÃ³n respaldada.","Â¡Hola! ğŸ‘‹ Bienvenido al servicio al cliente de M&U Soluciones de ClimatizaciÃ³n ğŸŒ¬ï¸â„ï¸. SÃ­, emitimos factura por todos nuestros servicios. Â¿En quÃ© mÃ¡s puedo ayudarte hoy? ğŸ˜Š",5,"Â¡Por supuesto! ğŸ§¾ Emitimos factura por todos nuestros servicios, para que tengas toda la informaciÃ³n respaldada.",5
Â¿Emiten factura por sus servicios?,"Â¡Por supuesto! ğŸ§¾ Emitimos factura por todos nuestros servicios, para que tengas toda la informaciÃ³n respaldada.","Â¡Hola! ğŸ‘‹ Bienvenido al servicio al cliente de M&U Soluciones de ClimatizaciÃ³n ğŸŒ¬ï¸â„ï¸. SÃ­, emitimos factura por todos nuestros servicios. Â¿En quÃ© mÃ¡s puedo ayudarte hoy? ğŸ˜Š",5,"Â¡SÃ­, claro que emitimos factura! ğŸ§¾ Todos nuestros servicios cuentan con respaldo fiscal. ğŸ˜Š",5
Â¿Emiten factura por sus servicios?,"Â¡Por supuesto! ğŸ§¾ Emitimos factura por todos nuestros servicios, para que tengas toda la informaciÃ³n respaldada.","Â¡Hola! ğŸ‘‹ Bienvenido al servicio al cliente de M&U Soluciones de ClimatizaciÃ³n ğŸŒ¬ï¸â„ï¸. SÃ­, emitimos factura por todos nuestros servicios. Â¿En quÃ© mÃ¡s puedo ayudarte hoy? ğŸ˜Š",5,"Â¡SÃ­, claro que emitimos factura! ğŸ§¾ Todos nuestros servicios cuentan con respaldo fiscal. ğŸ˜Š",5
