question,human_response,Ortodoncia de la Fuente_base_answer,Ortodoncia de la Fuente_base_grade,Ortodoncia de la Fuente_fine_tuned_answer,Ortodoncia de la Fuente_fine_tuned_grade
"Hola, necesito una limpieza dental. Â¿CuÃ¡les son sus horarios de atenciÃ³n?",Realizamos limpiezas dentales como parte de nuestros servicios de odontologÃ­a general. Las evaluaciones son gratuitas y estamos disponibles de lunes a viernes de 09:00 a 13:00 y de 14:30 a 19:00. Â¿Te gustarÃ­a agendar una evaluaciÃ³n?,Â¡Hola! Soy Antonia ğŸ‘©ğŸ»â€ğŸ’» Asistente virtual de Ortodoncia de la Fuente. Realizamos limpiezas dentales como parte de nuestros servicios de odontologÃ­a general. Estamos disponibles de lunes a viernes de 09:00 a 13:00 y de 14:30 a 19:00. Â¿Te gustarÃ­a agendar una evaluaciÃ³n?,4,Realizamos limpiezas dentales como parte de nuestros servicios de odontologÃ­a general. Las evaluaciones son gratuitas y estamos disponibles de lunes a viernes de 09:00 a 13:00 y de 14:30 a 19:00. Â¿Te gustarÃ­a agendar una evaluaciÃ³n?,4
"Hola, necesito una limpieza dental. Â¿CuÃ¡les son sus horarios de atenciÃ³n?",Realizamos limpiezas dentales como parte de nuestros servicios de odontologÃ­a general. Las evaluaciones son gratuitas y estamos disponibles de lunes a viernes de 09:00 a 13:00 y de 14:30 a 19:00. Â¿Te gustarÃ­a agendar una evaluaciÃ³n?,Â¡Hola! Soy Antonia ğŸ‘©ğŸ»â€ğŸ’» Asistente virtual de Ortodoncia de la Fuente. Realizamos limpiezas dentales como parte de nuestros servicios de odontologÃ­a general. Las evaluaciones son gratuitas y estamos disponibles de lunes a viernes de 09:00 a 13:00 y de 14:30 a 19:00. Â¿Te gustarÃ­a agendar una evaluaciÃ³n?,5,Realizamos limpiezas dentales como parte de nuestros servicios de odontologÃ­a general. Las evaluaciones son gratuitas y estamos disponibles de lunes a viernes de 09:00 a 13:00 y de 14:30 a 19:00. Â¿Te gustarÃ­a agendar una evaluaciÃ³n?,4
"Hola, necesito una limpieza dental. Â¿CuÃ¡les son sus horarios de atenciÃ³n?",Realizamos limpiezas dentales como parte de nuestros servicios de odontologÃ­a general. Las evaluaciones son gratuitas y estamos disponibles de lunes a viernes de 09:00 a 13:00 y de 14:30 a 19:00. Â¿Te gustarÃ­a agendar una evaluaciÃ³n?,Â¡Hola! Soy Antonia ğŸ‘©ğŸ»â€ğŸ’»Asistente virtual de Ortodoncia de la Fuente. Realizamos limpiezas dentales como parte de nuestros servicios de odontologÃ­a general. Las evaluaciones son gratuitas y estamos disponibles de lunes a viernes de 09:00 a 13:00 y de 14:30 a 19:00. Â¿Te gustarÃ­a agendar una evaluaciÃ³n?,4,Realizamos limpiezas dentales como parte de nuestros servicios de odontologÃ­a general. Las evaluaciones son gratuitas y estamos disponibles de lunes a viernes de 09:00 a 13:00 y de 14:30 a 19:00. Â¿Te gustarÃ­a agendar una evaluaciÃ³n?,4
"Hola, necesito una limpieza dental. Â¿CuÃ¡les son sus horarios de atenciÃ³n?",Realizamos limpiezas dentales como parte de nuestros servicios de odontologÃ­a general. Las evaluaciones son gratuitas y estamos disponibles de lunes a viernes de 09:00 a 13:00 y de 14:30 a 19:00. Â¿Te gustarÃ­a agendar una evaluaciÃ³n?,Â¡Hola! Soy Antonia ğŸ‘©ğŸ»â€ğŸ’»Asistente virtual de Ortodoncia de la Fuente. Realizamos limpiezas dentales como parte de nuestros servicios de odontologÃ­a general. Las evaluaciones son gratuitas y estamos disponibles de lunes a viernes de 09:00 a 13:00 y de 14:30 a 19:00. Â¿Te gustarÃ­a agendar una evaluaciÃ³n?,5,Realizamos limpiezas dentales como parte de nuestros servicios de odontologÃ­a general. Las evaluaciones son gratuitas y estamos disponibles de lunes a viernes de 09:00 a 13:00 y de 14:30 a 19:00. Â¿Te gustarÃ­a agendar una evaluaciÃ³n?,4
"Hola, Â¿tienen tratamientos de ortodoncia?","SÃ­, ofrecemos tratamientos de ortodoncia, incluyendo brackets metÃ¡licos y alineadores. Â¿Te gustarÃ­a agendar una evaluaciÃ³n?","Â¡Hola! Soy Antonia ğŸ‘©ğŸ»â€ğŸ’» Asistente virtual de Ortodoncia de la Fuente. SÃ­, ofrecemos tratamientos de ortodoncia, incluyendo brackets metÃ¡licos y alineadores. Â¿Te gustarÃ­a agendar una evaluaciÃ³n?",5,"SÃ­, ofrecemos tratamientos de ortodoncia, incluyendo brackets metÃ¡licos y alineadores. Las evaluaciones son gratuitas. Â¿Te gustarÃ­a agendar una evaluaciÃ³n?",4
"Hola, Â¿tienen tratamientos de ortodoncia?","SÃ­, ofrecemos tratamientos de ortodoncia, incluyendo brackets metÃ¡licos y alineadores. Â¿Te gustarÃ­a agendar una evaluaciÃ³n?","Â¡Hola! Soy Antonia ğŸ‘©ğŸ»â€ğŸ’» Asistente virtual de Ortodoncia de la Fuente. SÃ­, ofrecemos tratamientos de ortodoncia, incluyendo brackets metÃ¡licos y alineadores. Â¿Te gustarÃ­a agendar una evaluaciÃ³n?",5,"SÃ­, ofrecemos tratamientos de ortodoncia, incluyendo brackets metÃ¡licos y alineadores. Â¿Te gustarÃ­a agendar una evaluaciÃ³n gratuita?",4
"Hola, Â¿tienen tratamientos de ortodoncia?","SÃ­, ofrecemos tratamientos de ortodoncia, incluyendo brackets metÃ¡licos y alineadores. Â¿Te gustarÃ­a agendar una evaluaciÃ³n?","Â¡Hola! Soy Antonia ğŸ‘©ğŸ»â€ğŸ’»Asistente virtual de Ortodoncia de la Fuente. SÃ­, ofrecemos tratamientos de ortodoncia, incluyendo brackets metÃ¡licos y alineadores. Â¿Te gustarÃ­a agendar una evaluaciÃ³n?",5,"SÃ­, ofrecemos tratamientos de ortodoncia, incluyendo brackets metÃ¡licos y alineadores. Las evaluaciones son gratuitas. Â¿Te gustarÃ­a agendar una evaluaciÃ³n?",4
"Hola, Â¿tienen tratamientos de ortodoncia?","SÃ­, ofrecemos tratamientos de ortodoncia, incluyendo brackets metÃ¡licos y alineadores. Â¿Te gustarÃ­a agendar una evaluaciÃ³n?","Â¡Hola! Soy Antonia ğŸ‘©ğŸ»â€ğŸ’» Asistente virtual de Ortodoncia de la Fuente. SÃ­, ofrecemos tratamientos de ortodoncia, incluyendo brackets metÃ¡licos y alineadores. Â¿Te gustarÃ­a agendar una evaluaciÃ³n?",5,"SÃ­, ofrecemos tratamientos de ortodoncia, incluyendo brackets metÃ¡licos y alineadores. Las evaluaciones son gratuitas. Â¿Te gustarÃ­a agendar una evaluaciÃ³n?",4
"Hola, quiero saber mÃ¡s sobre los tratamientos de estÃ©tica facial.",Ofrecemos tratamientos de estÃ©tica facial como rinomodelaciÃ³n y aumento de labios. Las evaluaciones son gratuitas. Â¿Te gustarÃ­a agendar una cita?,"Â¡Hola! Soy Antonia ğŸ‘©ğŸ»â€ğŸ’» Asistente virtual de Ortodoncia de la Fuente. Ofrecemos tratamientos de estÃ©tica facial como rinomodelaciÃ³n, aumento de labios, y mÃ¡s. Las evaluaciones son gratuitas. Â¿Te gustarÃ­a agendar una cita?",5,"Ofrecemos una variedad de tratamientos de estÃ©tica facial, incluyendo rinomodelaciÃ³n, aumento de pÃ³mulos, aumento de labios y relleno de ojeras. Las evaluaciones son gratuitas. Â¿Te gustarÃ­a agendar una evaluaciÃ³n?",5
"Hola, quiero saber mÃ¡s sobre los tratamientos de estÃ©tica facial.",Ofrecemos tratamientos de estÃ©tica facial como rinomodelaciÃ³n y aumento de labios. Las evaluaciones son gratuitas. Â¿Te gustarÃ­a agendar una cita?,"Â¡Hola! Soy Antonia ğŸ‘©ğŸ»â€ğŸ’» Asistente virtual de Ortodoncia de la Fuente. Ofrecemos tratamientos de estÃ©tica facial como rinomodelaciÃ³n, aumento de labios, y aplicaciÃ³n de toxina botulÃ­nica, entre otros. Las evaluaciones son gratuitas. Â¿Te gustarÃ­a agendar una cita?",5,"Realizamos diversos tratamientos de estÃ©tica facial, como rinomodelaciÃ³n, aumento de labios y relleno de ojeras. Las evaluaciones son gratuitas. Â¿Te gustarÃ­a agendar una evaluaciÃ³n?",5
"Hola, quiero saber mÃ¡s sobre los tratamientos de estÃ©tica facial.",Ofrecemos tratamientos de estÃ©tica facial como rinomodelaciÃ³n y aumento de labios. Las evaluaciones son gratuitas. Â¿Te gustarÃ­a agendar una cita?,"Â¡Hola! Soy Antonia ğŸ‘©ğŸ»â€ğŸ’» Asistente virtual de Ortodoncia de la Fuente. Ofrecemos tratamientos de estÃ©tica facial como rinomodelaciÃ³n, aumento de labios, y aplicaciÃ³n de toxina botulÃ­nica, entre otros. Las evaluaciones son gratuitas. Â¿Te gustarÃ­a agendar una cita?",5,"Ofrecemos una variedad de tratamientos de estÃ©tica facial, incluyendo rinomodelaciÃ³n, aumento de labios, y relleno de ojeras, entre otros. Las evaluaciones son gratuitas. Â¿Te gustarÃ­a agendar una evaluaciÃ³n?",5
"Hola, quiero saber mÃ¡s sobre los tratamientos de estÃ©tica facial.",Ofrecemos tratamientos de estÃ©tica facial como rinomodelaciÃ³n y aumento de labios. Las evaluaciones son gratuitas. Â¿Te gustarÃ­a agendar una cita?,"Â¡Hola! Soy Antonia ğŸ‘©ğŸ»â€ğŸ’»Asistente virtual de Ortodoncia de la Fuente. Ofrecemos tratamientos de estÃ©tica facial como rinomodelaciÃ³n, aumento de labios, y mÃ¡s. Las evaluaciones son gratuitas. Â¿Te gustarÃ­a agendar una cita?",5,"Realizamos diversos tratamientos de estÃ©tica facial, como rinomodelaciÃ³n, aumento de labios, y relleno de ojeras, entre otros. Las evaluaciones son gratuitas. Â¿Te gustarÃ­a agendar una evaluaciÃ³n?",5
"Hola, Â¿quÃ© me pueden decir sobre los implantes dentales?",Realizamos implantes dentales para restaurar tanto la funcionalidad como la estÃ©tica dental. Las evaluaciones son gratuitas y estÃ¡n disponibles en horario de tarde. Â¿Te gustarÃ­a agendar una evaluaciÃ³n?,Ofrecemos implantes dentales para restaurar tanto la funcionalidad como la estÃ©tica dental. Las evaluaciones son gratuitas. Â¿Te gustarÃ­a agendar una evaluaciÃ³n?,4,Realizamos implantes dentales para restaurar tanto la funcionalidad como la estÃ©tica dental. Las evaluaciones son gratuitas y estÃ¡n disponibles en horario de tarde. Â¿Te gustarÃ­a agendar una evaluaciÃ³n?,4
"Hola, Â¿quÃ© me pueden decir sobre los implantes dentales?",Realizamos implantes dentales para restaurar tanto la funcionalidad como la estÃ©tica dental. Las evaluaciones son gratuitas y estÃ¡n disponibles en horario de tarde. Â¿Te gustarÃ­a agendar una evaluaciÃ³n?,Realizamos implantes dentales para restaurar tanto la funcionalidad como la estÃ©tica dental. Las evaluaciones son gratuitas. Â¿Te gustarÃ­a agendar una evaluaciÃ³n?,4,Realizamos implantes dentales para restaurar tanto la funcionalidad como la estÃ©tica dental. Las evaluaciones son gratuitas y estÃ¡n disponibles en horario de tarde. Â¿Te gustarÃ­a agendar una evaluaciÃ³n?,4
"Hola, Â¿quÃ© me pueden decir sobre los implantes dentales?",Realizamos implantes dentales para restaurar tanto la funcionalidad como la estÃ©tica dental. Las evaluaciones son gratuitas y estÃ¡n disponibles en horario de tarde. Â¿Te gustarÃ­a agendar una evaluaciÃ³n?,Realizamos implantes dentales para restaurar tanto la funcionalidad como la estÃ©tica dental. Las evaluaciones son gratuitas. Â¿Te gustarÃ­a agendar una evaluaciÃ³n?,4,Realizamos implantes dentales para restaurar tanto la funcionalidad como la estÃ©tica dental. Las evaluaciones son gratuitas y estÃ¡n disponibles en horario de tarde. Â¿Te gustarÃ­a agendar una evaluaciÃ³n?,4
"Hola, Â¿quÃ© me pueden decir sobre los implantes dentales?",Realizamos implantes dentales para restaurar tanto la funcionalidad como la estÃ©tica dental. Las evaluaciones son gratuitas y estÃ¡n disponibles en horario de tarde. Â¿Te gustarÃ­a agendar una evaluaciÃ³n?,Realizamos implantes dentales para restaurar tanto la funcionalidad como la estÃ©tica dental. Las evaluaciones son gratuitas. Â¿Te gustarÃ­a agendar una evaluaciÃ³n?,4,Realizamos implantes dentales para restaurar tanto la funcionalidad como la estÃ©tica dental. Las evaluaciones son gratuitas y estÃ¡n disponibles en horario de tarde. Â¿Te gustarÃ­a agendar una evaluaciÃ³n?,4
"Hola, Â¿quÃ© me pueden decir sobre los tratamientos de conducto (endodoncia)?",Realizamos tratamientos de conducto como parte de nuestros servicios de endodoncia. Las evaluaciones son gratuitas y estÃ¡n disponibles en las tardes. Â¿Te gustarÃ­a agendar una evaluaciÃ³n?,Realizamos tratamientos de conducto como parte de nuestros servicios de endodoncia. Las evaluaciones son gratuitas y estÃ¡n disponibles en las tardes. Â¿Te gustarÃ­a agendar una evaluaciÃ³n?,5,Realizamos tratamientos de conducto como parte de nuestros servicios de endodoncia. Las evaluaciones son gratuitas y estÃ¡n disponibles en las tardes. Â¿Te gustarÃ­a agendar una evaluaciÃ³n?,4
"Hola, Â¿quÃ© me pueden decir sobre los tratamientos de conducto (endodoncia)?",Realizamos tratamientos de conducto como parte de nuestros servicios de endodoncia. Las evaluaciones son gratuitas y estÃ¡n disponibles en las tardes. Â¿Te gustarÃ­a agendar una evaluaciÃ³n?,Realizamos tratamientos de conducto como parte de nuestros servicios de endodoncia. Las evaluaciones son gratuitas y estÃ¡n disponibles en las tardes. Â¿Te gustarÃ­a agendar una evaluaciÃ³n?,4,Realizamos tratamientos de conducto como parte de nuestros servicios de endodoncia. Las evaluaciones son gratuitas y estÃ¡n disponibles en las tardes. Â¿Te gustarÃ­a agendar una evaluaciÃ³n?,4
"Hola, Â¿quÃ© me pueden decir sobre los tratamientos de conducto (endodoncia)?",Realizamos tratamientos de conducto como parte de nuestros servicios de endodoncia. Las evaluaciones son gratuitas y estÃ¡n disponibles en las tardes. Â¿Te gustarÃ­a agendar una evaluaciÃ³n?,Realizamos tratamientos de conducto como parte de nuestros servicios de endodoncia. Las evaluaciones son gratuitas y estÃ¡n disponibles en las tardes. Â¿Te gustarÃ­a agendar una evaluaciÃ³n?,4,Realizamos tratamientos de conducto como parte de nuestros servicios de endodoncia. Las evaluaciones son gratuitas y estÃ¡n disponibles en las tardes. Â¿Te gustarÃ­a agendar una evaluaciÃ³n?,4
"Hola, Â¿quÃ© me pueden decir sobre los tratamientos de conducto (endodoncia)?",Realizamos tratamientos de conducto como parte de nuestros servicios de endodoncia. Las evaluaciones son gratuitas y estÃ¡n disponibles en las tardes. Â¿Te gustarÃ­a agendar una evaluaciÃ³n?,Realizamos tratamientos de conducto como parte de nuestros servicios de endodoncia. Las evaluaciones son gratuitas y estÃ¡n disponibles en las tardes. Â¿Te gustarÃ­a agendar una evaluaciÃ³n?,4,Realizamos tratamientos de conducto como parte de nuestros servicios de endodoncia. Las evaluaciones son gratuitas y estÃ¡n disponibles en las tardes. Â¿Te gustarÃ­a agendar una evaluaciÃ³n?,4
"Hola, tengo problemas con las encÃ­as, Â¿me pueden ayudar con eso?","Claro, ofrecemos tratamientos especializados para la salud de las encÃ­as. Las evaluaciones son gratuitas y estÃ¡n disponibles en las tardes. Â¿Te gustarÃ­a agendar una evaluaciÃ³n?","Claro, ofrecemos tratamientos especializados para la salud de las encÃ­as. Las evaluaciones son gratuitas y estÃ¡n disponibles en las tardes. Â¿Te gustarÃ­a agendar una evaluaciÃ³n?",4,"Claro, ofrecemos tratamientos especializados para la salud de las encÃ­as. Las evaluaciones son gratuitas y estÃ¡n disponibles en las tardes. Â¿Te gustarÃ­a agendar una evaluaciÃ³n?",4
"Hola, tengo problemas con las encÃ­as, Â¿me pueden ayudar con eso?","Claro, ofrecemos tratamientos especializados para la salud de las encÃ­as. Las evaluaciones son gratuitas y estÃ¡n disponibles en las tardes. Â¿Te gustarÃ­a agendar una evaluaciÃ³n?","Claro, ofrecemos tratamientos especializados para la salud de las encÃ­as. Las evaluaciones son gratuitas y estÃ¡n disponibles en las tardes. Â¿Te gustarÃ­a agendar una evaluaciÃ³n?",4,"Claro, ofrecemos tratamientos especializados para la salud de las encÃ­as. Las evaluaciones son gratuitas y estÃ¡n disponibles en las tardes. Â¿Te gustarÃ­a agendar una evaluaciÃ³n?",4
"Hola, tengo problemas con las encÃ­as, Â¿me pueden ayudar con eso?","Claro, ofrecemos tratamientos especializados para la salud de las encÃ­as. Las evaluaciones son gratuitas y estÃ¡n disponibles en las tardes. Â¿Te gustarÃ­a agendar una evaluaciÃ³n?","Claro, ofrecemos tratamientos especializados para la salud de las encÃ­as. Las evaluaciones son gratuitas y estÃ¡n disponibles en las tardes. Â¿Te gustarÃ­a agendar una evaluaciÃ³n?",4,"Claro, ofrecemos tratamientos especializados para la salud de las encÃ­as. Las evaluaciones son gratuitas y estÃ¡n disponibles en las tardes. Â¿Te gustarÃ­a agendar una evaluaciÃ³n?",4
"Hola, tengo problemas con las encÃ­as, Â¿me pueden ayudar con eso?","Claro, ofrecemos tratamientos especializados para la salud de las encÃ­as. Las evaluaciones son gratuitas y estÃ¡n disponibles en las tardes. Â¿Te gustarÃ­a agendar una evaluaciÃ³n?","Claro, ofrecemos tratamientos especializados para la salud de las encÃ­as. Las evaluaciones son gratuitas y estÃ¡n disponibles en las tardes. Â¿Te gustarÃ­a agendar una evaluaciÃ³n?",4,"Claro, ofrecemos tratamientos especializados para la salud de las encÃ­as. Las evaluaciones son gratuitas y estÃ¡n disponibles en las tardes. Â¿Te gustarÃ­a agendar una evaluaciÃ³n?",4
"Hola, Â¿me pueden informar sobre cirugÃ­a maxilofacial?",Realizamos cirugÃ­as maxilofaciales para mejorar la funciÃ³n y estÃ©tica facial. Las evaluaciones son gratuitas y se realizan los viernes por medio. Â¿Te gustarÃ­a agendar una evaluaciÃ³n?,"Claro, realizamos cirugÃ­as maxilofaciales para mejorar la funciÃ³n y estÃ©tica facial. Las evaluaciones son gratuitas y se realizan los viernes por medio. Â¿Te gustarÃ­a agendar una evaluaciÃ³n?",4,Realizamos cirugÃ­as maxilofaciales para mejorar la funciÃ³n y estÃ©tica facial. Las evaluaciones son gratuitas y se realizan los viernes por medio. Â¿Te gustarÃ­a agendar una evaluaciÃ³n?,4
"Hola, Â¿me pueden informar sobre cirugÃ­a maxilofacial?",Realizamos cirugÃ­as maxilofaciales para mejorar la funciÃ³n y estÃ©tica facial. Las evaluaciones son gratuitas y se realizan los viernes por medio. Â¿Te gustarÃ­a agendar una evaluaciÃ³n?,"Claro, realizamos cirugÃ­as maxilofaciales para mejorar la funciÃ³n y estÃ©tica facial. Las evaluaciones son gratuitas y se realizan los viernes por medio. Â¿Te gustarÃ­a agendar una evaluaciÃ³n?",4,Realizamos cirugÃ­as maxilofaciales para mejorar la funciÃ³n y estÃ©tica facial. Las evaluaciones son gratuitas y se realizan los viernes por medio. Â¿Te gustarÃ­a agendar una evaluaciÃ³n?,4
"Hola, Â¿me pueden informar sobre cirugÃ­a maxilofacial?",Realizamos cirugÃ­as maxilofaciales para mejorar la funciÃ³n y estÃ©tica facial. Las evaluaciones son gratuitas y se realizan los viernes por medio. Â¿Te gustarÃ­a agendar una evaluaciÃ³n?,"Claro, realizamos cirugÃ­as maxilofaciales para mejorar la funciÃ³n y estÃ©tica facial. Las evaluaciones son gratuitas y se realizan los viernes por medio. Â¿Te gustarÃ­a agendar una evaluaciÃ³n?",4,Realizamos cirugÃ­as maxilofaciales para mejorar la funciÃ³n y estÃ©tica facial. Las evaluaciones son gratuitas y se realizan los viernes por medio. Â¿Te gustarÃ­a agendar una evaluaciÃ³n?,4
"Hola, Â¿me pueden informar sobre cirugÃ­a maxilofacial?",Realizamos cirugÃ­as maxilofaciales para mejorar la funciÃ³n y estÃ©tica facial. Las evaluaciones son gratuitas y se realizan los viernes por medio. Â¿Te gustarÃ­a agendar una evaluaciÃ³n?,"Claro, realizamos cirugÃ­as maxilofaciales para mejorar la funciÃ³n y estÃ©tica facial. Las evaluaciones son gratuitas y se realizan los viernes por medio. Â¿Te gustarÃ­a agendar una evaluaciÃ³n?",4,Realizamos cirugÃ­as maxilofaciales para mejorar la funciÃ³n y estÃ©tica facial. Las evaluaciones son gratuitas y se realizan los viernes por medio. Â¿Te gustarÃ­a agendar una evaluaciÃ³n?,4
"Hola, Â¿ofrecen atenciÃ³n dental para niÃ±os?","SÃ­, contamos con servicios de odontologÃ­a pediÃ¡trica especializados para niÃ±os. Â¿Te gustarÃ­a agendar una evaluaciÃ³n gratuita para tu hijo?","SÃ­, contamos con servicios de odontologÃ­a pediÃ¡trica especializados para niÃ±os. Â¿Te gustarÃ­a agendar una evaluaciÃ³n gratuita para tu hijo?",5,"SÃ­, contamos con servicios de odontologÃ­a pediÃ¡trica especializados para niÃ±os. Â¿Te gustarÃ­a agendar una evaluaciÃ³n gratuita para tu hijo?",5
"Hola, Â¿ofrecen atenciÃ³n dental para niÃ±os?","SÃ­, contamos con servicios de odontologÃ­a pediÃ¡trica especializados para niÃ±os. Â¿Te gustarÃ­a agendar una evaluaciÃ³n gratuita para tu hijo?","SÃ­, contamos con servicios de odontologÃ­a pediÃ¡trica especializados para niÃ±os. Â¿Te gustarÃ­a agendar una evaluaciÃ³n gratuita para tu hijo?",4,"SÃ­, contamos con servicios de odontologÃ­a pediÃ¡trica especializados para niÃ±os. Â¿Te gustarÃ­a agendar una evaluaciÃ³n gratuita para tu hijo?",4
"Hola, Â¿ofrecen atenciÃ³n dental para niÃ±os?","SÃ­, contamos con servicios de odontologÃ­a pediÃ¡trica especializados para niÃ±os. Â¿Te gustarÃ­a agendar una evaluaciÃ³n gratuita para tu hijo?","SÃ­, contamos con servicios de odontologÃ­a pediÃ¡trica especializados para niÃ±os. Â¿Te gustarÃ­a agendar una evaluaciÃ³n gratuita para tu hijo?",4,"SÃ­, contamos con servicios de odontologÃ­a pediÃ¡trica especializados para niÃ±os. Â¿Te gustarÃ­a agendar una evaluaciÃ³n gratuita para tu hijo?",4
"Hola, Â¿ofrecen atenciÃ³n dental para niÃ±os?","SÃ­, contamos con servicios de odontologÃ­a pediÃ¡trica especializados para niÃ±os. Â¿Te gustarÃ­a agendar una evaluaciÃ³n gratuita para tu hijo?","SÃ­, contamos con servicios de odontologÃ­a pediÃ¡trica especializados para niÃ±os. Â¿Te gustarÃ­a agendar una evaluaciÃ³n gratuita para tu hijo?",5,"SÃ­, contamos con servicios de odontologÃ­a pediÃ¡trica especializados para niÃ±os. Â¿Te gustarÃ­a agendar una evaluaciÃ³n gratuita para tu hijo?",4
"Hola, quiero blanquear mis dientes, Â¿cuÃ¡les son las opciones?",Ofrecemos tratamientos personalizados de blanqueamiento dental para lograr una sonrisa mÃ¡s brillante. Las evaluaciones son gratuitas. Â¿Te gustarÃ­a agendar una evaluaciÃ³n?,Ofrecemos tratamientos personalizados de blanqueamiento dental para lograr una sonrisa mÃ¡s brillante. Las evaluaciones son gratuitas. Â¿Te gustarÃ­a agendar una evaluaciÃ³n?,4,Ofrecemos tratamientos personalizados de blanqueamiento dental para lograr una sonrisa mÃ¡s brillante. Las evaluaciones son gratuitas. Â¿Te gustarÃ­a agendar una evaluaciÃ³n?,4
"Hola, quiero blanquear mis dientes, Â¿cuÃ¡les son las opciones?",Ofrecemos tratamientos personalizados de blanqueamiento dental para lograr una sonrisa mÃ¡s brillante. Las evaluaciones son gratuitas. Â¿Te gustarÃ­a agendar una evaluaciÃ³n?,Ofrecemos tratamientos personalizados de blanqueamiento dental para lograr una sonrisa mÃ¡s brillante. Las evaluaciones son gratuitas. Â¿Te gustarÃ­a agendar una evaluaciÃ³n?,4,Ofrecemos tratamientos personalizados de blanqueamiento dental para lograr una sonrisa mÃ¡s brillante. Las evaluaciones son gratuitas. Â¿Te gustarÃ­a agendar una evaluaciÃ³n?,4
"Hola, quiero blanquear mis dientes, Â¿cuÃ¡les son las opciones?",Ofrecemos tratamientos personalizados de blanqueamiento dental para lograr una sonrisa mÃ¡s brillante. Las evaluaciones son gratuitas. Â¿Te gustarÃ­a agendar una evaluaciÃ³n?,Ofrecemos tratamientos personalizados de blanqueamiento dental para lograr una sonrisa mÃ¡s brillante. Las evaluaciones son gratuitas. Â¿Te gustarÃ­a agendar una evaluaciÃ³n?,4,Ofrecemos tratamientos personalizados de blanqueamiento dental para lograr una sonrisa mÃ¡s brillante. Las evaluaciones son gratuitas. Â¿Te gustarÃ­a agendar una evaluaciÃ³n?,4
"Hola, quiero blanquear mis dientes, Â¿cuÃ¡les son las opciones?",Ofrecemos tratamientos personalizados de blanqueamiento dental para lograr una sonrisa mÃ¡s brillante. Las evaluaciones son gratuitas. Â¿Te gustarÃ­a agendar una evaluaciÃ³n?,Ofrecemos tratamientos personalizados de blanqueamiento dental para lograr una sonrisa mÃ¡s brillante. Las evaluaciones son gratuitas. Â¿Te gustarÃ­a agendar una evaluaciÃ³n?,4,Ofrecemos tratamientos personalizados de blanqueamiento dental para lograr una sonrisa mÃ¡s brillante. Las evaluaciones son gratuitas. Â¿Te gustarÃ­a agendar una evaluaciÃ³n?,4
"Hola, Â¿quÃ© opciones tienen para mejorar la estÃ©tica de mis dientes?","Ofrecemos restauraciones estÃ©ticas personalizadas, como carillas y coronas, para renovar tu sonrisa. Â¿Te gustarÃ­a agendar una evaluaciÃ³n gratuita?","Ofrecemos restauraciones estÃ©ticas personalizadas, como carillas y coronas, para renovar tu sonrisa. Â¿Te gustarÃ­a agendar una evaluaciÃ³n gratuita?",4,"Ofrecemos restauraciones estÃ©ticas personalizadas, como carillas y coronas, para renovar tu sonrisa. Las evaluaciones son gratuitas. Â¿Te gustarÃ­a agendar una evaluaciÃ³n?",4
"Hola, Â¿quÃ© opciones tienen para mejorar la estÃ©tica de mis dientes?","Ofrecemos restauraciones estÃ©ticas personalizadas, como carillas y coronas, para renovar tu sonrisa. Â¿Te gustarÃ­a agendar una evaluaciÃ³n gratuita?","Â¡Hola! Soy Antonia ğŸ‘©ğŸ»â€ğŸ’» Asistente virtual de Ortodoncia de la Fuente. Ofrecemos restauraciones estÃ©ticas personalizadas, como carillas y coronas, para renovar tu sonrisa. Â¿Te gustarÃ­a agendar una evaluaciÃ³n gratuita?",4,"Ofrecemos restauraciones estÃ©ticas personalizadas, como carillas y coronas, para renovar tu sonrisa. Las evaluaciones son gratuitas. Â¿Te gustarÃ­a agendar una evaluaciÃ³n?",5
"Hola, Â¿quÃ© opciones tienen para mejorar la estÃ©tica de mis dientes?","Ofrecemos restauraciones estÃ©ticas personalizadas, como carillas y coronas, para renovar tu sonrisa. Â¿Te gustarÃ­a agendar una evaluaciÃ³n gratuita?","Ofrecemos restauraciones estÃ©ticas personalizadas, como carillas y coronas, para renovar tu sonrisa. Â¿Te gustarÃ­a agendar una evaluaciÃ³n gratuita?",4,"Ofrecemos restauraciones estÃ©ticas personalizadas, como carillas y coronas, para renovar tu sonrisa. Las evaluaciones son gratuitas. Â¿Te gustarÃ­a agendar una evaluaciÃ³n?",4
"Hola, Â¿quÃ© opciones tienen para mejorar la estÃ©tica de mis dientes?","Ofrecemos restauraciones estÃ©ticas personalizadas, como carillas y coronas, para renovar tu sonrisa. Â¿Te gustarÃ­a agendar una evaluaciÃ³n gratuita?","Â¡Hola! Soy Antonia ğŸ‘©ğŸ»â€ğŸ’»Asistente virtual de Ortodoncia de la Fuente. Ofrecemos restauraciones estÃ©ticas personalizadas, como carillas y coronas, para renovar tu sonrisa. Â¿Te gustarÃ­a agendar una evaluaciÃ³n gratuita?",4,"Ofrecemos restauraciones estÃ©ticas personalizadas, como carillas y coronas, para renovar tu sonrisa. Las evaluaciones son gratuitas. Â¿Te gustarÃ­a agendar una evaluaciÃ³n?",4
"Hola, quiero saber mÃ¡s sobre los tratamientos de ortodoncia en Calama.","En Calama realizamos tratamientos de ortodoncia. La evaluaciÃ³n tiene un costo de $15.000, que debe ser transferido 24 horas antes de la atenciÃ³n. Â¿Te gustarÃ­a agendar una evaluaciÃ³n?","En Calama realizamos tratamientos de ortodoncia. La evaluaciÃ³n tiene un costo de $15.000, que debe ser transferido 24 horas antes de la atenciÃ³n. Solo atendemos casos de ortodoncia. Â¿Te gustarÃ­a agendar una evaluaciÃ³n?",5,Realizamos tratamientos de ortodoncia en Calama para alinear los dientes de manera precisa. Las evaluaciones son gratuitas y estÃ¡n disponibles en horario de tarde. Â¿Te gustarÃ­a agendar una evaluaciÃ³n?,2
"Hola, quiero saber mÃ¡s sobre los tratamientos de ortodoncia en Calama.","En Calama realizamos tratamientos de ortodoncia. La evaluaciÃ³n tiene un costo de $15.000, que debe ser transferido 24 horas antes de la atenciÃ³n. Â¿Te gustarÃ­a agendar una evaluaciÃ³n?","En Calama realizamos tratamientos de ortodoncia. La evaluaciÃ³n tiene un costo de $15.000, que debe ser transferido 24 horas antes de la atenciÃ³n. Â¿Te gustarÃ­a agendar una evaluaciÃ³n?",5,Realizamos tratamientos de ortodoncia en Calama para alinear los dientes de manera precisa. Las evaluaciones son gratuitas y estÃ¡n disponibles en horario de tarde. Â¿Te gustarÃ­a agendar una evaluaciÃ³n?,2
"Hola, quiero saber mÃ¡s sobre los tratamientos de ortodoncia en Calama.","En Calama realizamos tratamientos de ortodoncia. La evaluaciÃ³n tiene un costo de $15.000, que debe ser transferido 24 horas antes de la atenciÃ³n. Â¿Te gustarÃ­a agendar una evaluaciÃ³n?","En Calama realizamos tratamientos de ortodoncia. La evaluaciÃ³n tiene un costo de $15.000, que debe ser transferido 24 horas antes de la atenciÃ³n. Â¿Te gustarÃ­a agendar una evaluaciÃ³n?",5,En Calama realizamos tratamientos de ortodoncia para alinear dientes de forma precisa. Las evaluaciones son gratuitas y estÃ¡n disponibles en horario de tarde. Â¿Te gustarÃ­a agendar una evaluaciÃ³n?,2
"Hola, quiero saber mÃ¡s sobre los tratamientos de ortodoncia en Calama.","En Calama realizamos tratamientos de ortodoncia. La evaluaciÃ³n tiene un costo de $15.000, que debe ser transferido 24 horas antes de la atenciÃ³n. Â¿Te gustarÃ­a agendar una evaluaciÃ³n?","En Calama realizamos tratamientos de ortodoncia. La evaluaciÃ³n tiene un costo de $15.000, que debe ser transferido 24 horas antes de la atenciÃ³n. Â¿Te gustarÃ­a agendar una evaluaciÃ³n?",5,En Calama realizamos tratamientos de ortodoncia para alinear los dientes de manera precisa. Las evaluaciones son gratuitas y estÃ¡n disponibles en horario de tarde. Â¿Te gustarÃ­a agendar una evaluaciÃ³n?,2
"Hola, me interesa un tratamiento pero quiero coordinar cÃ³mo seguir.",Â¡Claro! Puedes agendar una cita directamente por nuestro WhatsApp en este enlace: https://wa.link/e5fvfm. TambiÃ©n puedes visitar nuestro sitio web para obtener mÃ¡s informaciÃ³n y agendar. Â¿En quÃ© mÃ¡s puedo ayudarte?,Â¡Claro! Puedes agendar una cita directamente por nuestro WhatsApp en este enlace: https://wa.link/e5fvfm. TambiÃ©n puedes visitar nuestro sitio web para obtener mÃ¡s informaciÃ³n y agendar. Â¿En quÃ© mÃ¡s puedo ayudarte?,5,Puedes agendar una evaluaciÃ³n gratuita directamente por WhatsApp en este enlace: https://wa.link/e5fvfm. TambiÃ©n puedo ayudarte a agendar a travÃ©s de nuestro sitio web. Â¿CuÃ¡l prefieres?,4
"Hola, me interesa un tratamiento pero quiero coordinar cÃ³mo seguir.",Â¡Claro! Puedes agendar una cita directamente por nuestro WhatsApp en este enlace: https://wa.link/e5fvfm. TambiÃ©n puedes visitar nuestro sitio web para obtener mÃ¡s informaciÃ³n y agendar. Â¿En quÃ© mÃ¡s puedo ayudarte?,Â¡Claro! Puedes agendar una cita directamente por nuestro WhatsApp en este enlace: [WhatsApp](https://wa.link/e5fvfm). TambiÃ©n puedes visitar nuestro sitio web para mÃ¡s informaciÃ³n y agendar. Â¿En quÃ© mÃ¡s puedo ayudarte?,4,Puedes agendar una evaluaciÃ³n gratuita directamente por nuestro WhatsApp en este enlace: https://wa.link/e5fvfm. TambiÃ©n puedes visitar nuestro sitio web para mÃ¡s informaciÃ³n. Â¿Te gustarÃ­a agendar una evaluaciÃ³n?,4
"Hola, me interesa un tratamiento pero quiero coordinar cÃ³mo seguir.",Â¡Claro! Puedes agendar una cita directamente por nuestro WhatsApp en este enlace: https://wa.link/e5fvfm. TambiÃ©n puedes visitar nuestro sitio web para obtener mÃ¡s informaciÃ³n y agendar. Â¿En quÃ© mÃ¡s puedo ayudarte?,Â¡Claro! Puedes agendar una cita directamente por nuestro WhatsApp en este enlace: https://wa.link/e5fvfm. TambiÃ©n puedes visitar nuestro sitio web para obtener mÃ¡s informaciÃ³n y agendar. Â¿En quÃ© mÃ¡s puedo ayudarte?,5,Puedes agendar una evaluaciÃ³n gratuita directamente por WhatsApp en este enlace: https://wa.link/e5fvfm. TambiÃ©n puedes visitar nuestro sitio web para mÃ¡s informaciÃ³n y agendar. Â¿QuÃ© tratamiento te interesa?,4
"Hola, me interesa un tratamiento pero quiero coordinar cÃ³mo seguir.",Â¡Claro! Puedes agendar una cita directamente por nuestro WhatsApp en este enlace: https://wa.link/e5fvfm. TambiÃ©n puedes visitar nuestro sitio web para obtener mÃ¡s informaciÃ³n y agendar. Â¿En quÃ© mÃ¡s puedo ayudarte?,Â¡Claro! Puedes agendar una cita directamente por nuestro WhatsApp en este enlace: https://wa.link/e5fvfm. TambiÃ©n puedes visitar nuestro sitio web para obtener mÃ¡s informaciÃ³n y agendar. Â¿En quÃ© mÃ¡s puedo ayudarte?,5,Puedes agendar una evaluaciÃ³n gratuita directamente por nuestro WhatsApp en este enlace: https://wa.link/e5fvfm. Â¿Te gustarÃ­a agendar una evaluaciÃ³n?,4
